plate_id,experiment,girlboss,seedling,genotype,ATP_conc,day,date_time,root,,,,,,,,,,
1_WT_controla_m,1,m,1,WT,0,3,9/24/2021 10:19:00,0,,,,,,,,,,
1_WT_controla_m,1,m,2,WT,0,3,9/24/2021 10:19:00,0,,,,,,,,,,
1_WT_controla_m,1,m,3,WT,0,3,9/24/2021 10:19:00,0,,,,,,,,,,
1_WT_controla_m,1,m,4,WT,0,3,9/24/2021 10:19:00,0,,,,,,,,,,
1_WT_controla_m,1,m,5,WT,0,3,9/24/2021 10:19:00,0,,,,,,,,,,
1_WT_controla_m,1,m,6,WT,0,3,9/24/2021 10:19:00,0,,,,,,,,,,
1_WT_controla_m,1,m,7,WT,0,3,9/24/2021 10:19:00,0,,,,,,,,,,
1_WT_controla_m,1,m,8,WT,0,3,9/24/2021 10:19:00,0,,,,,,,,,,
1_WT_controla_m,1,m,9,WT,0,3,9/24/2021 10:19:00,0,,,,,,,,,,
1_WT_controla_m,1,m,10,WT,0,3,9/24/2021 10:19:00,0.749,,,,,,,,,,
1_WT_controla_m,1,m,11,WT,0,3,9/24/2021 10:19:00,0,,,,,,,,,,
1_WT_controla_m,1,m,12,WT,0,3,9/24/2021 10:19:00,0.75,,,,,,,,,,
1_WT_controla_m,1,m,13,WT,0,3,9/24/2021 10:19:00,0,,,,,,,,,,
1_WT_controlb_m,1,m,1,WT,0,3,9/24/2021 10:24:00,0,,,,,,,,,,
1_WT_controlb_m,1,m,2,WT,0,3,9/24/2021 10:24:00,0,,,,,,,,,,
1_WT_controlb_m,1,m,3,WT,0,3,9/24/2021 10:24:00,0,,,,,,,,,,
1_WT_controlb_m,1,m,4,WT,0,3,9/24/2021 10:24:00,0,,,,,,,,,,
1_WT_controlb_m,1,m,5,WT,0,3,9/24/2021 10:24:00,0,,,,,,,,,,
1_WT_controlb_m,1,m,6,WT,0,3,9/24/2021 10:24:00,0,,,,,,,,,,
1_WT_controlb_m,1,m,7,WT,0,3,9/24/2021 10:24:00,0,,,,,,,,,,
1_WT_controlb_m,1,m,8,WT,0,3,9/24/2021 10:24:00,0,,,,,,,,,,
1_WT_controlb_m,1,m,9,WT,0,3,9/24/2021 10:24:00,0,,,,,,,,,,
1_WT_controlb_m,1,m,10,WT,0,3,9/24/2021 10:24:00,0,,,,,,,,,,
1_WT_controlb_m,1,m,11,WT,0,3,9/24/2021 10:24:00,0,,,,,,,,,,
1_WT_controlb_m,1,m,12,WT,0,3,9/24/2021 10:24:00,0,,,,,,,,,,
1_WT_controlb_m,1,m,13,WT,0,3,9/24/2021 10:24:00,0,,,,,,,,,,
1_WT_controlb_m,1,m,14,WT,0,3,9/24/2021 10:24:00,0,,,,,,,,,,
1_WT_controlb_m,1,m,15,WT,0,3,9/24/2021 10:24:00,0,,,,,,,,,,
1_WT_controlb_m,1,m,16,WT,0,3,9/24/2021 10:24:00,0,,,,,,,,,,
1_WT_controlb_m,1,m,17,WT,0,3,9/24/2021 10:24:00,0,,,,,,,,,,
1_WT_controlb_m,1,m,18,WT,0,3,9/24/2021 10:24:00,0,,,,,,,,,,
1_WT_controlb_m,1,m,19,WT,0,3,9/24/2021 10:24:00,0,,,,,,,,,,
1_WT_controlb_m,1,m,20,WT,0,3,9/24/2021 10:24:00,0,,,,,,,,,,
1_WT_7.5_m,1,m,1,WT,7.5,3,9/24/2021 10:53:00,0,,,,,,,,,,
1_WT_7.5_m,1,m,2,WT,7.5,3,9/24/2021 10:53:00,0.578,,,,,,,,,,
1_WT_7.5_m,1,m,3,WT,7.5,3,9/24/2021 10:53:00,0,,,,,,,,,,
1_WT_7.5_m,1,m,4,WT,7.5,3,9/24/2021 10:53:00,0,,,,,,,,,,
1_WT_7.5_m,1,m,5,WT,7.5,3,9/24/2021 10:53:00,0,,,,,,,,,,
1_WT_7.5_m,1,m,6,WT,7.5,3,9/24/2021 10:53:00,0,,,,,,,,,,
1_WT_7.5_m,1,m,7,WT,7.5,3,9/24/2021 10:53:00,0,,,,,,,,,,
1_WT_7.5_m,1,m,8,WT,7.5,3,9/24/2021 10:53:00,0,,,,,,,,,,
1_WT_7.5_m,1,m,9,WT,7.5,3,9/24/2021 10:53:00,0,,,,,,,,,,
1_WT_7.5_m,1,m,10,WT,7.5,3,9/24/2021 10:53:00,0,,,,,,,,,,
1_WT_7.5_m,1,m,11,WT,7.5,3,9/24/2021 10:53:00,0,,,,,,,,,,
1_WT_7.5_m,1,m,12,WT,7.5,3,9/24/2021 10:53:00,0,,,,,,,,,,
1_WT_7.5_m,1,m,13,WT,7.5,3,9/24/2021 10:53:00,0,,,,,,,,,,
1_WT_7.5_m,1,m,14,WT,7.5,3,9/24/2021 10:53:00,0,,,,,,,,,,
1_WT_7.5_m,1,m,15,WT,7.5,3,9/24/2021 10:53:00,0.649,,,,,,,,,,
1_WT_7.5_m,1,m,16,WT,7.5,3,9/24/2021 10:53:00,0,,,,,,,,,,
1_WT_7.5_m,1,m,17,WT,7.5,3,9/24/2021 10:53:00,0,,,,,,,,,,
1_WT_7.5_m,1,m,18,WT,7.5,3,9/24/2021 10:53:00,0,,,,,,,,,,
1_WT_7.5_m,1,m,19,WT,7.5,3,9/24/2021 10:53:00,0,,,,,,,,,,
1_WT_7.5_m,1,m,20,WT,7.5,3,9/24/2021 10:53:00,0.69,,,,,,,,,,
1_KO_controla_m,1,M,1,KO,0,3,9/24/2021 10:53:00,1.263,,,,,,,,,,
1_KO_controla_m,1,M,2,KO,0,3,9/24/2021 10:53:00,0,,,,,,,,,,
1_KO_controla_m,1,M,3,KO,0,3,9/24/2021 10:53:00,1.319,,,,,,,,,,
1_KO_controla_m,1,M,4,KO,0,3,9/24/2021 10:53:00,0.858,,,,,,,,,,
1_KO_controla_m,1,M,5,KO,0,3,9/24/2021 10:53:00,0.774,,,,,,,,,,
1_KO_controla_m,1,M,6,KO,0,3,9/24/2021 10:53:00,1.514,,,,,,,,,,
1_KO_controla_m,1,M,7,KO,0,3,9/24/2021 10:53:00,1.096,,,,,,,,,,
1_KO_controla_m,1,M,8,KO,0,3,9/24/2021 10:53:00,0,,,,,,,,,,
1_KO_controla_m,1,M,9,KO,0,3,9/24/2021 10:53:00,1.179,,,,,,,,,,
1_KO_controla_m,1,M,10,KO,0,3,9/24/2021 10:53:00,0.625,,,,,,,,,,
1_KO_controla_m,1,M,11,KO,0,3,9/24/2021 10:53:00,0.943,,,,,,,,,,
1_KO_controla_m,1,M,12,KO,0,3,9/24/2021 10:53:00,1.212,,,,,,,,,,
1_KO_controla_m,1,M,13,KO,0,3,9/24/2021 10:53:00,0.634,,,,,,,,,,
1_KO_controla_m,1,M,14,KO,0,3,9/24/2021 10:53:00,1.076,,,,,,,,,,
1_KO_controla_m,1,M,15,KO,0,3,9/24/2021 10:53:00,1.247,,,,,,,,,,
1_KO_controla_m,1,M,16,KO,0,3,9/24/2021 10:53:00,0.42,,,,,,,,,,
1_KO_controla_m,1,M,17,KO,0,3,9/24/2021 10:53:00,1.017,,,,,,,,,,
1_KO_controla_m,1,M,18,KO,0,3,9/24/2021 10:53:00,1.181,,,,,,,,,,
1_KO_controla_m,1,M,19,KO,0,3,9/24/2021 10:53:00,1.175,,,,,,,,,,
1_KO_controla_m,1,M,20,KO,0,3,9/24/2021 10:53:00,0,,,,,,,,,,
1_KO_controla_m,1,M,21,KO,0,3,9/24/2021 10:53:00,0.712,,,,,,,,,,
1_KO_controla_m,1,M,22,KO,0,3,9/24/2021 10:53:00,0.96,,,,,,,,,,
1_KO_controla_m,1,M,23,KO,0,3,9/24/2021 10:53:00,0.596,,,,,,,,,,
1_KO_controla_m,1,M,24,KO,0,3,9/24/2021 10:53:00,1.006,,,,,,,,,,
1_KO_controla_m,1,M,25,KO,0,3,9/24/2021 10:53:00,0.384,,,,,,,,,,
1_KO_controlb_m,1,M,1,KO,0,3,,,,,,,,,,,,
1_KO_controlb_m,1,M,2,KO,0,3,,,,,,,,,,,,
1_KO_controlb_m,1,M,3,KO,0,3,,,,,,,,,,,,
1_KO_controlb_m,1,M,4,KO,0,3,,,,,,,,,,,,
1_KO_controlb_m,1,M,5,KO,0,3,,,,,,,,,,,,
1_KO_controlb_m,1,M,6,KO,0,3,,,,,,,,,,,,
1_KO_controlb_m,1,M,7,KO,0,3,,,,,,,,,,,,
1_KO_controlb_m,1,M,8,KO,0,3,,,,,,,,,,,,
1_KO_controlb_m,1,M,9,KO,0,3,,,,,,,,,,,,
1_KO_controlb_m,1,M,10,KO,0,3,,,,,,,,,,,,
1_KO_controlb_m,1,M,11,KO,0,3,,,,,,,,,,,,
1_KO_controlb_m,1,M,12,KO,0,3,,,,,,,,,,,,
1_KO_controlb_m,1,M,13,KO,0,3,,,,,,,,,,,,
1_KO_controlb_m,1,M,14,KO,0,3,,,,,,,,,,,,
1_KO_controlb_m,1,M,15,KO,0,3,,,,,,,,,,,,
1_KO_controlb_m,1,M,16,KO,0,3,,,,,,,,,,,,
1_KO_controlb_m,1,M,17,KO,0,3,,,,,,,,,,,,
1_KO_controlb_m,1,M,18,KO,0,3,,,,,,,,,,,,
1_KO_controlb_m,1,M,19,KO,0,3,,,,,,,,,,,,
1_KO_controlb_m,1,M,20,KO,0,3,,,,,,,,,,,,
1_KO_7.5_M,1,M,1,KO,7.5,3,9/24/2021 10:17:00,0.569,,,,,,,,,,
1_KO_7.5_M,1,M,2,KO,7.5,3,9/24/2021 10:17:00,0.164,,,,,,,,,,
1_KO_7.5_M,1,M,3,KO,7.5,3,9/24/2021 10:17:00,0.595,,,,,,,,,,
1_KO_7.5_M,1,M,4,KO,7.5,3,9/24/2021 10:17:00,0.638,,,,,,,,,,
1_KO_7.5_M,1,M,5,KO,7.5,3,9/24/2021 10:17:00,0,,,,,,,,,,
1_KO_7.5_M,1,M,6,KO,7.5,3,9/24/2021 10:17:00,0.705,,,,,,,,,,
1_KO_7.5_M,1,M,7,KO,7.5,3,9/24/2021 10:17:00,0.4,,,,,,,,,,
1_KO_7.5_M,1,M,8,KO,7.5,3,9/24/2021 10:17:00,0.623,,,,,,,,,,
1_KO_7.5_M,1,M,9,KO,7.5,3,9/24/2021 10:17:00,0.668,,,,,,,,,,
1_KO_7.5_M,1,M,10,KO,7.5,3,9/24/2021 10:17:00,0,,,,,,,,,,
1_KO_7.5_M,1,M,11,KO,7.5,3,9/24/2021 10:17:00,0,,,,,,,,,,
1_KO_7.5_M,1,M,12,KO,7.5,3,9/24/2021 10:17:00,0.756,,,,,,,,,,
1_KO_7.5_M,1,M,13,KO,7.5,3,9/24/2021 10:17:00,0.794,,,,,,,,,,
1_KO_7.5_M,1,M,14,KO,7.5,3,9/24/2021 10:17:00,0.823,,,,,,,,,,
1_KO_7.5_M,1,M,15,KO,7.5,3,9/24/2021 10:17:00,0.511,,,,,,,,,,
1_KO_7.5_M,1,M,16,KO,7.5,3,9/24/2021 10:17:00,0.68,,,,,,,,,,
1_KO_7.5_M,1,M,17,KO,7.5,3,9/24/2021 10:17:00,0,,,,,,,,,,
1_KO_7.5_M,1,M,18,KO,7.5,3,9/24/2021 10:17:00,0.88,,,,,,,,,,
1_KO_7.5_M,1,M,19,KO,7.5,3,9/24/2021 10:17:00,0.622,,,,,,,,,,
1_KO_7.5_M,1,M,20,KO,7.5,3,9/24/2021 10:17:00,0,,,,,,,,,,
1_KO_7.5_M,1,M,21,KO,7.5,3,9/24/2021 10:17:00,0.584,,,,,,,,,,
1_KO_7.5_M,1,M,22,KO,7.5,3,9/24/2021 10:17:00,0.816,,,,,,,,,,
1_KO_7.5_M,1,M,23,KO,7.5,3,9/24/2021 10:17:00,0.492,,,,,,,,,,
1_KO_7.5_M,1,M,24,KO,7.5,3,9/24/2021 10:17:00,0.541,,,,,,,,,,
1_KO_7.5_M,1,M,25,KO,7.5,3,9/24/2021 10:17:00,0.573,,,,,,,,,,
1_WT_controla_m,1,M,1,WT,0,4,9/25/2021 11:29:00,0,,,,,,,,,,
1_WT_controla_m,1,M,2,WT,0,4,9/25/2021 11:29:00,0,,,,,,,,,,
1_WT_controla_m,1,M,3,WT,0,4,9/25/2021 11:29:00,0,,,,,,,,,,
1_WT_controla_m,1,M,4,WT,0,4,9/25/2021 11:29:00,0,,,,,,,,,,
1_WT_controla_m,1,M,5,WT,0,4,9/25/2021 11:29:00,0,,,,,,,,,,
1_WT_controla_m,1,M,6,WT,0,4,9/25/2021 11:29:00,0,,,,,,,,,,
1_WT_controla_m,1,M,7,WT,0,4,9/25/2021 11:29:00,0,,,,,,,,,,
1_WT_controla_m,1,M,8,WT,0,4,9/25/2021 11:29:00,0,,,,,,,,,,
1_WT_controla_m,1,M,9,WT,0,4,9/25/2021 11:29:00,0,,,,,,,,,,
1_WT_controla_m,1,M,10,WT,0,4,9/25/2021 11:29:00,1.996,,,,,,,,,,
1_WT_controla_m,1,M,11,WT,0,4,9/25/2021 11:29:00,0,,,,,,,,,,
1_WT_controla_m,1,M,12,WT,0,4,9/25/2021 11:29:00,2.116,,,,,,,,,,
1_WT_controla_m,1,M,13,WT,0,4,9/25/2021 11:29:00,0,,,,,,,,,,
1_WT_controlb_m,1,M,1,WT,0,4,9/25/2021 11:28:00,0,,,,,,,,,,
1_WT_controlb_m,1,M,2,WT,0,4,9/25/2021 11:28:00,0,,,,,,,,,,
1_WT_controlb_m,1,M,3,WT,0,4,9/25/2021 11:28:00,0,,,,,,,,,,
1_WT_controlb_m,1,M,4,WT,0,4,9/25/2021 11:28:00,0,,,,,,,,,,
1_WT_controlb_m,1,M,5,WT,0,4,9/25/2021 11:28:00,0,,,,,,,,,,
1_WT_controlb_m,1,M,6,WT,0,4,9/25/2021 11:28:00,0,,,,,,,,,,
1_WT_controlb_m,1,M,7,WT,0,4,9/25/2021 11:28:00,0,,,,,,,,,,
1_WT_controlb_m,1,M,8,WT,0,4,9/25/2021 11:28:00,0,,,,,,,,,,
1_WT_controlb_m,1,M,9,WT,0,4,9/25/2021 11:28:00,0,,,,,,,,,,
1_WT_controlb_m,1,M,10,WT,0,4,9/25/2021 11:28:00,0,,,,,,,,,,
1_WT_controlb_m,1,M,11,WT,0,4,9/25/2021 11:28:00,0,,,,,,,,,,
1_WT_controlb_m,1,M,12,WT,0,4,9/25/2021 11:28:00,0,,,,,,,,,,
1_WT_controlb_m,1,M,13,WT,0,4,9/25/2021 11:28:00,0,,,,,,,,,,
1_WT_controlb_m,1,M,14,WT,0,4,9/25/2021 11:28:00,0,,,,,,,,,,
1_WT_controlb_m,1,M,15,WT,0,4,9/25/2021 11:28:00,0,,,,,,,,,,
1_WT_controlb_m,1,M,16,WT,0,4,9/25/2021 11:28:00,0,,,,,,,,,,
1_WT_controlb_m,1,M,17,WT,0,4,9/25/2021 11:28:00,0,,,,,,,,,,
1_WT_controlb_m,1,M,18,WT,0,4,9/25/2021 11:28:00,0,,,,,,,,,,
1_WT_controlb_m,1,M,19,WT,0,4,9/25/2021 11:28:00,0,,,,,,,,,,
1_WT_controlb_m,1,M,20,WT,0,4,9/25/2021 11:28:00,0,,,,,,,,,,
1_WT_7.5_m,1,M,1,WT,7.5,4,9/25/2021 11:29:00,0,,,,,,,,,,
1_WT_7.5_m,1,M,2,WT,7.5,4,9/25/2021 11:29:00,0.873,,,,,,,,,,
1_WT_7.5_m,1,M,3,WT,7.5,4,9/25/2021 11:29:00,0,,,,,,,,,,
1_WT_7.5_m,1,M,4,WT,7.5,4,9/25/2021 11:29:00,0,,,,,,,,,,
1_WT_7.5_m,1,M,5,WT,7.5,4,9/25/2021 11:29:00,0,,,,,,,,,,
1_WT_7.5_m,1,M,6,WT,7.5,4,9/25/2021 11:29:00,0,,,,,,,,,,
1_WT_7.5_m,1,M,7,WT,7.5,4,9/25/2021 11:29:00,0,,,,,,,,,,
1_WT_7.5_m,1,M,8,WT,7.5,4,9/25/2021 11:29:00,0,,,,,,,,,,
1_WT_7.5_m,1,M,9,WT,7.5,4,9/25/2021 11:29:00,0,,,,,,,,,,
1_WT_7.5_m,1,M,10,WT,7.5,4,9/25/2021 11:29:00,0,,,,,,,,,,
1_WT_7.5_m,1,M,11,WT,7.5,4,9/25/2021 11:29:00,0,,,,,,,,,,
1_WT_7.5_m,1,M,12,WT,7.5,4,9/25/2021 11:29:00,0,,,,,,,,,,
1_WT_7.5_m,1,M,13,WT,7.5,4,9/25/2021 11:29:00,0,,,,,,,,,,
1_WT_7.5_m,1,M,14,WT,7.5,4,9/25/2021 11:29:00,0,,,,,,,,,,
1_WT_7.5_m,1,M,15,WT,7.5,4,9/25/2021 11:29:00,1.635,,,,,,,,,,
1_WT_7.5_m,1,M,16,WT,7.5,4,9/25/2021 11:29:00,0,,,,,,,,,,
1_WT_7.5_m,1,M,17,WT,7.5,4,9/25/2021 11:29:00,0,,,,,,,,,,
1_WT_7.5_m,1,M,18,WT,7.5,4,9/25/2021 11:29:00,0,,,,,,,,,,
1_WT_7.5_m,1,M,19,WT,7.5,4,9/25/2021 11:29:00,0,,,,,,,,,,
1_WT_7.5_m,1,M,20,WT,7.5,4,9/25/2021 11:29:00,1.447,,,,,,,,,,
1_KO_controla_m,1,M,1,KO,0,4,9/25/2021 11:29:00,2.445,,,,,,,,,,
1_KO_controla_m,1,M,2,KO,0,4,9/25/2021 11:29:00,1.855,,,,,,,,,,
1_KO_controla_m,1,M,3,KO,0,4,9/25/2021 11:29:00,2.745,,,,,,,,,,
1_KO_controla_m,1,M,4,KO,0,4,9/25/2021 11:29:00,1.747,,,,,,,,,,
1_KO_controla_m,1,M,5,KO,0,4,9/25/2021 11:29:00,1.714,,,,,,,,,,
1_KO_controla_m,1,M,6,KO,0,4,9/25/2021 11:29:00,2.272,,,,,,,,,,
1_KO_controla_m,1,M,7,KO,0,4,9/25/2021 11:29:00,2.873,,,,,,,,,,
1_KO_controla_m,1,M,8,KO,0,4,9/25/2021 11:29:00,0.767,,,,,,,,,,
1_KO_controla_m,1,M,9,KO,0,4,9/25/2021 11:29:00,2.342,,,,,,,,,,
1_KO_controla_m,1,M,10,KO,0,4,9/25/2021 11:29:00,1.698,,,,,,,,,,
1_KO_controla_m,1,M,11,KO,0,4,9/25/2021 11:29:00,2.787,,,,,,,,,,
1_KO_controla_m,1,M,12,KO,0,4,9/25/2021 11:29:00,2.016,,,,,,,,,,
1_KO_controla_m,1,M,13,KO,0,4,9/25/2021 11:29:00,1.453,,,,,,,,,,
1_KO_controla_m,1,M,14,KO,0,4,9/25/2021 11:29:00,2.983,,,,,,,,,,
1_KO_controla_m,1,M,15,KO,0,4,9/25/2021 11:29:00,3.317,,,,,,,,,,
1_KO_controla_m,1,M,16,KO,0,4,9/25/2021 11:29:00,2.211,,,,,,,,,,
1_KO_controla_m,1,M,17,KO,0,4,9/25/2021 11:29:00,1.995,,,,,,,,,,
1_KO_controla_m,1,M,18,KO,0,4,9/25/2021 11:29:00,3.284,,,,,,,,,,
1_KO_controla_m,1,M,19,KO,0,4,9/25/2021 11:29:00,3.413,,,,,,,,,,
1_KO_controla_m,1,M,20,KO,0,4,9/25/2021 11:29:00,2.032,,,,,,,,,,
1_KO_controla_m,1,M,21,KO,0,4,9/25/2021 11:29:00,1.663,,,,,,,,,,
1_KO_controla_m,1,M,22,KO,0,4,9/25/2021 11:29:00,2.444,,,,,,,,,,
1_KO_controla_m,1,M,23,KO,0,4,9/25/2021 11:29:00,1.666,,,,,,,,,,
1_KO_controla_m,1,M,24,KO,0,4,9/25/2021 11:29:00,2.893,,,,,,,,,,
1_KO_controla_m,,M,25,KO,0,4,9/25/2021 11:29:00,1.529,,,,,,,,,,
1_KO_7.5_m,1,M,1,KO,7.5,4,9/25/2021 11:30:00,1.466,,,,,,,,,,
1_KO_7.5_m,1,M,2,KO,7.5,4,9/25/2021 11:30:00,1.377,,,,,,,,,,
1_KO_7.5_m,1,M,3,KO,7.5,4,9/25/2021 11:30:00,1.541,,,,,,,,,,
1_KO_7.5_m,1,M,4,KO,7.5,4,9/25/2021 11:30:00,1.573,,,,,,,,,,
1_KO_7.5_m,1,M,5,KO,7.5,4,9/25/2021 11:30:00,1.633,,,,,,,,,,
1_KO_7.5_m,1,M,6,KO,7.5,4,9/25/2021 11:30:00,1.631,,,,,,,,,,
1_KO_7.5_m,1,M,7,KO,7.5,4,9/25/2021 11:30:00,1.063,,,,,,,,,,
1_KO_7.5_m,1,M,8,KO,7.5,4,9/25/2021 11:30:00,1.56,,,,,,,,,,
1_KO_7.5_m,1,M,9,KO,7.5,4,9/25/2021 11:30:00,0.673,,,,,,,,,,
1_KO_7.5_m,1,M,10,KO,7.5,4,9/25/2021 11:30:00,1.601,,,,,,,,,,
1_KO_7.5_m,1,M,11,KO,7.5,4,9/25/2021 11:30:00,1.238,,,,,,,,,,
1_KO_7.5_m,1,M,12,KO,7.5,4,9/25/2021 11:30:00,1.149,,,,,,,,,,
1_KO_7.5_m,1,M,13,KO,7.5,4,9/25/2021 11:30:00,1.112,,,,,,,,,,
1_KO_7.5_m,1,M,14,KO,7.5,4,9/25/2021 11:30:00,1.561,,,,,,,,,,
1_KO_7.5_m,1,M,15,KO,7.5,4,9/25/2021 11:30:00,1.397,,,,,,,,,,
1_KO_7.5_m,1,M,16,KO,7.5,4,9/25/2021 11:30:00,1.236,,,,,,,,,,
1_KO_7.5_m,1,M,17,KO,7.5,4,9/25/2021 11:30:00,1.477,,,,,,,,,,
1_KO_7.5_m,1,M,18,KO,7.5,4,9/25/2021 11:30:00,1.622,,,,,,,,,,
1_KO_7.5_m,1,M,19,KO,7.5,4,9/25/2021 11:30:00,1.242,,,,,,,,,,
1_KO_7.5_m,1,M,20,KO,7.5,4,9/25/2021 11:30:00,1.126,,,,,,,,,,
1_KO_7.5_m,1,M,21,KO,7.5,4,9/25/2021 11:30:00,1.504,,,,,,,,,,
1_KO_7.5_m,1,M,22,KO,7.5,4,9/25/2021 11:30:00,1.421,,,,,,,,,,
1_KO_7.5_m,1,M,23,KO,7.5,4,9/25/2021 11:30:00,1.07,,,,,,,,,,
1_KO_7.5_m,1,M,24,KO,7.5,4,9/25/2021 11:30:00,0.666,,,,,,,,,,
1_KO_7.5_m,1,M,25,KO,7.5,4,9/25/2021 11:30:00,1.445,,,,,,,,,,
1_WT_controla_m,1,M,1,WT,0,5,9/26/2021 10:26:00,0,,,,,,,,,,
1_WT_controla_m,1,M,2,WT,0,5,9/26/2021 10:26:00,0,,,,,,,,,,
1_WT_controla_m,1,M,3,WT,0,5,9/26/2021 10:26:00,0,,,,,,,,,,
1_WT_controla_m,1,M,4,WT,0,5,9/26/2021 10:26:00,0,,,,,,,,,,
1_WT_controla_m,1,M,5,WT,0,5,9/26/2021 10:26:00,0.433,,,,,,,,,,
1_WT_controla_m,1,M,6,WT,0,5,9/26/2021 10:26:00,0,,,,,,,,,,
1_WT_controla_m,1,M,7,WT,0,5,9/26/2021 10:26:00,0,,,,,,,,,,
1_WT_controla_m,1,M,8,WT,0,5,9/26/2021 10:26:00,0,,,,,,,,,,
1_WT_controla_m,1,M,9,WT,0,5,9/26/2021 10:26:00,0,,,,,,,,,,
1_WT_controla_m,1,M,10,WT,0,5,9/26/2021 10:26:00,3.45,,,,,,,,,,
1_WT_controla_m,1,M,11,WT,0,5,9/26/2021 10:26:00,0,,,,,,,,,,
1_WT_controla_m,1,M,12,WT,0,5,9/26/2021 10:26:00,3.74,,,,,,,,,,
1_WT_controla_m,1,M,13,WT,0,5,9/26/2021 10:26:00,0.792,,,,,,,,,,
1_WT_controlb_m,1,M,1,WT,0,5,9/26/2021 10:26:00,0,,,,,,,,,,
1_WT_controlb_m,1,M,2,WT,0,5,9/26/2021 10:26:00,0,,,,,,,,,,
1_WT_controlb_m,1,M,3,WT,0,5,9/26/2021 10:26:00,0,,,,,,,,,,
1_WT_controlb_m,1,M,4,WT,0,5,9/26/2021 10:26:00,0,,,,,,,,,,
1_WT_controlb_m,1,M,5,WT,0,5,9/26/2021 10:26:00,0,,,,,,,,,,
1_WT_controlb_m,1,M,6,WT,0,5,9/26/2021 10:26:00,0,,,,,,,,,,
1_WT_controlb_m,1,M,7,WT,0,5,9/26/2021 10:26:00,0,,,,,,,,,,
1_WT_controlb_m,1,M,8,WT,0,5,9/26/2021 10:26:00,0,,,,,,,,,,
1_WT_controlb_m,1,M,9,WT,0,5,9/26/2021 10:26:00,0,,,,,,,,,,
1_WT_controlb_m,1,M,10,WT,0,5,9/26/2021 10:26:00,0,,,,,,,,,,
1_WT_controlb_m,1,M,11,WT,0,5,9/26/2021 10:26:00,0,,,,,,,,,,
1_WT_controlb_m,1,M,12,WT,0,5,9/26/2021 10:26:00,0,,,,,,,,,,
1_WT_controlb_m,1,M,13,WT,0,5,9/26/2021 10:26:00,0,,,,,,,,,,
1_WT_controlb_m,1,M,14,WT,0,5,9/26/2021 10:26:00,0,,,,,,,,,,
1_WT_controlb_m,1,M,15,WT,0,5,9/26/2021 10:26:00,0,,,,,,,,,,
1_WT_controlb_m,1,M,16,WT,0,5,9/26/2021 10:26:00,0,,,,,,,,,,
1_WT_controlb_m,1,M,17,WT,0,5,9/26/2021 10:26:00,0,,,,,,,,,,
1_WT_controlb_m,1,M,18,WT,0,5,9/26/2021 10:26:00,0,,,,,,,,,,
1_WT_controlb_m,1,M,19,WT,0,5,9/26/2021 10:26:00,0,,,,,,,,,,
1_WT_controlb_m,1,M,20,WT,0,5,9/26/2021 10:26:00,0,,,,,,,,,,
1_WT_7.5_m,1,M,1,WT,7.5,5,9/26/2021 10:26:00,0,,,,,,,,,,
1_WT_7.5_m,1,M,2,WT,7.5,5,9/26/2021 10:26:00,2.459,,,,,,,,,,
1_WT_7.5_m,1,M,3,WT,7.5,5,9/26/2021 10:26:00,0,,,,,,,,,,
1_WT_7.5_m,1,M,4,WT,7.5,5,9/26/2021 10:26:00,0,,,,,,,,,,
1_WT_7.5_m,1,M,5,WT,7.5,5,9/26/2021 10:26:00,0,,,,,,,,,,
1_WT_7.5_m,1,M,6,WT,7.5,5,9/26/2021 10:26:00,0,,,,,,,,,,
1_WT_7.5_m,1,M,7,WT,7.5,5,9/26/2021 10:26:00,0,,,,,,,,,,
1_WT_7.5_m,1,M,8,WT,7.5,5,9/26/2021 10:26:00,0,,,,,,,,,,
1_WT_7.5_m,1,M,9,WT,7.5,5,9/26/2021 10:26:00,0,,,,,,,,,,
1_WT_7.5_m,1,M,10,WT,7.5,5,9/26/2021 10:26:00,0,,,,,,,,,,
1_WT_7.5_m,1,M,11,WT,7.5,5,9/26/2021 10:26:00,0,,,,,,,,,,
1_WT_7.5_m,1,M,12,WT,7.5,5,9/26/2021 10:26:00,0,,,,,,,,,,
1_WT_7.5_m,1,M,13,WT,7.5,5,9/26/2021 10:26:00,0,,,,,,,,,,
1_WT_7.5_m,1,M,14,WT,7.5,5,9/26/2021 10:26:00,0,,,,,,,,,,
1_WT_7.5_m,1,M,15,WT,7.5,5,9/26/2021 10:26:00,3.052,,,,,,,,,,
1_WT_7.5_m,1,M,16,WT,7.5,5,9/26/2021 10:26:00,0,,,,,,,,,,
1_WT_7.5_m,1,M,17,WT,7.5,5,9/26/2021 10:26:00,0,,,,,,,,,,
1_WT_7.5_m,1,M,18,WT,7.5,5,9/26/2021 10:26:00,0,,,,,,,,,,
1_WT_7.5_m,1,M,19,WT,7.5,5,9/26/2021 10:26:00,0,,,,,,,,,,
1_WT_7.5_m,1,M,20,WT,7.5,5,9/26/2021 10:26:00,2.31,,,,,,,,,,
1_KO_controla_m,1,M,1,KO,0,5,9/26/2021 10:26:00,2.751,,,,,,,,,,
1_KO_controla_m,1,M,2,KO,0,5,9/26/2021 10:26:00,2.984,,,,,,,,,,
1_KO_controla_m,1,M,3,KO,0,5,9/26/2021 10:26:00,5.02,,,,,,,,,,
1_KO_controla_m,1,M,4,KO,0,5,9/26/2021 10:26:00,2.727,,,,,,,,,,
1_KO_controla_m,1,M,5,KO,0,5,9/26/2021 10:26:00,2.315,,,,,,,,,,
1_KO_controla_m,1,M,6,KO,0,5,9/26/2021 10:26:00,4.148,,,,,,,,,,
1_KO_controla_m,1,M,7,KO,0,5,9/26/2021 10:26:00,4.623,,,,,,,,,,
1_KO_controla_m,1,M,8,KO,0,5,9/26/2021 10:26:00,2.946,,,,,,,,,,
1_KO_controla_m,1,M,9,KO,0,5,9/26/2021 10:26:00,3.309,,,,,,,,,,
1_KO_controla_m,1,M,10,KO,0,5,9/26/2021 10:26:00,3.206,,,,,,,,,,
1_KO_controla_m,1,M,11,KO,0,5,9/26/2021 10:26:00,3.999,,,,,,,,,,
1_KO_controla_m,1,M,12,KO,0,5,9/26/2021 10:26:00,2.018,,,,,,,,,,
1_KO_controla_m,1,M,13,KO,0,5,9/26/2021 10:26:00,3.566,,,,,,,,,,
1_KO_controla_m,1,M,14,KO,0,5,9/26/2021 10:26:00,5.329,,,,,,,,,,
1_KO_controla_m,1,M,15,KO,0,5,9/26/2021 10:26:00,4.984,,,,,,,,,,
1_KO_controla_m,1,M,16,KO,0,5,9/26/2021 10:26:00,3.172,,,,,,,,,,
1_KO_controla_m,1,M,17,KO,0,5,9/26/2021 10:26:00,2.554,,,,,,,,,,
1_KO_controla_m,1,M,18,KO,0,5,9/26/2021 10:26:00,5.307,,,,,,,,,,
1_KO_controla_m,1,M,19,KO,0,5,9/26/2021 10:26:00,4.282,,,,,,,,,,
1_KO_controla_m,1,M,20,KO,0,5,9/26/2021 10:26:00,3.445,,,,,,,,,,
1_KO_controla_m,1,M,21,KO,0,5,9/26/2021 10:26:00,3.119,,,,,,,,,,
1_KO_controla_m,1,M,22,KO,0,5,9/26/2021 10:26:00,4.004,,,,,,,,,,
1_KO_controla_m,1,M,21,KO,0,5,9/26/2021 10:26:00,1.843,,,,,,,,,,
1_KO_controla_m,1,M,21,KO,0,5,9/26/2021 10:26:00,2.866,,,,,,,,,,
1_KO_controla_m,1,M,25,KO,0,5,9/26/2021 10:26:00,1.671,,,,,,,,,,
1_KO_7.5_m,1,M,1,KO,7.5,5,9/26/2021 10:26:00,1.699,,,,,,,,,,
1_KO_7.5_m,1,M,2,KO,7.5,5,9/26/2021 10:26:00,2.297,,,,,,,,,,
1_KO_7.5_m,1,M,3,KO,7.5,5,9/26/2021 10:26:00,1.852,,,,,,,,,,
1_KO_7.5_m,1,M,4,KO,7.5,5,9/26/2021 10:26:00,1.445,,,,,,,,,,
1_KO_7.5_m,1,M,5,KO,7.5,5,9/26/2021 10:26:00,2.304,,,,,,,,,,
1_KO_7.5_m,1,M,6,KO,7.5,5,9/26/2021 10:26:00,1.961,,,,,,,,,,
1_KO_7.5_m,1,M,7,KO,7.5,5,9/26/2021 10:26:00,1.306,,,,,,,,,,
1_KO_7.5_m,1,M,8,KO,7.5,5,9/26/2021 10:26:00,2.175,,,,,,,,,,
1_KO_7.5_m,1,M,9,KO,7.5,5,9/26/2021 10:26:00,1.504,,,,,,,,,,
1_KO_7.5_m,1,M,10,KO,7.5,5,9/26/2021 10:26:00,1.445,,,,,,,,,,
1_KO_7.5_m,1,M,11,KO,7.5,5,9/26/2021 10:26:00,1.225,,,,,,,,,,
1_KO_7.5_m,1,M,12,KO,7.5,5,9/26/2021 10:26:00,1.189,,,,,,,,,,
1_KO_7.5_m,1,M,13,KO,7.5,5,9/26/2021 10:26:00,2.14,,,,,,,,,,
1_KO_7.5_m,1,M,14,KO,7.5,5,9/26/2021 10:26:00,2.496,,,,,,,,,,
1_KO_7.5_m,1,M,15,KO,7.5,5,9/26/2021 10:26:00,1.784,,,,,,,,,,
1_KO_7.5_m,1,M,16,KO,7.5,5,9/26/2021 10:26:00,1.576,,,,,,,,,,
1_KO_7.5_m,1,M,17,KO,7.5,5,9/26/2021 10:26:00,1.933,,,,,,,,,,
1_KO_7.5_m,1,M,18,KO,7.5,5,9/26/2021 10:26:00,2.575,,,,,,,,,,
1_KO_7.5_m,1,M,19,KO,7.5,5,9/26/2021 10:26:00,1.708,,,,,,,,,,
1_KO_7.5_m,1,M,20,KO,7.5,5,9/26/2021 10:26:00,1.741,,,,,,,,,,
1_KO_7.5_m,1,M,21,KO,7.5,5,9/26/2021 10:26:00,2.306,,,,,,,,,,
1_KO_7.5_m,1,M,22,KO,7.5,5,9/26/2021 10:26:00,1.901,,,,,,,,,,
1_KO_7.5_m,1,M,23,KO,7.5,5,9/26/2021 10:26:00,1.645,,,,,,,,,,
1_KO_7.5_m,1,M,24,KO,7.5,5,9/26/2021 10:26:00,0.939,,,,,,,,,,
1_KO_7.5_m,1,M,25,KO,7.5,5,9/26/2021 10:26:00,1.739,,,,,,,,,,
1_WT_controla_m,1,M,1,WT,0,6,9/27/2021 11:40:00,0,,,,,,,,,,
1_WT_controla_m,1,M,2,WT,0,6,9/27/2021 11:40:00,0,,,,,,,,,,
1_WT_controla_m,1,M,3,WT,0,6,9/27/2021 11:40:00,0.967,,,,,,,,,,
1_WT_controla_m,1,M,4,WT,0,6,9/27/2021 11:40:00,0,,,,,,,,,,
1_WT_controla_m,1,M,5,WT,0,6,9/27/2021 11:40:00,1.554,,,,,,,,,,
1_WT_controla_m,1,M,6,WT,0,6,9/27/2021 11:40:00,0,,,,,,,,,,
1_WT_controla_m,1,M,7,WT,0,6,9/27/2021 11:40:00,0,,,,,,,,,,
1_WT_controla_m,1,M,8,WT,0,6,9/27/2021 11:40:00,0,,,,,,,,,,
1_WT_controla_m,1,M,9,WT,0,6,9/27/2021 11:40:00,0,,,,,,,,,,
1_WT_controla_m,1,M,10,WT,0,6,9/27/2021 11:40:00,4.964,,,,,,,,,,
1_WT_controla_m,1,M,11,WT,0,6,9/27/2021 11:40:00,0,,,,,,,,,,
1_WT_controla_m,1,M,12,WT,0,6,9/27/2021 11:40:00,5.631,,,,,,,,,,
1_WT_controla_m,1,M,13,WT,0,6,9/27/2021 11:40:00,1.992,,,,,,,,,,
1_WT_controlb_m,1,M,1,WT,0,6,9/27/2021 11:40:00,0,,,,,,,,,,
1_WT_controlb_m,1,M,2,WT,0,6,9/27/2021 11:40:00,0,,,,,,,,,,
1_WT_controlb_m,1,M,3,WT,0,6,9/27/2021 11:40:00,0,,,,,,,,,,
1_WT_controlb_m,1,M,4,WT,0,6,9/27/2021 11:40:00,0,,,,,,,,,,
1_WT_controlb_m,1,M,5,WT,0,6,9/27/2021 11:40:00,0,,,,,,,,,,
1_WT_controlb_m,1,M,6,WT,0,6,9/27/2021 11:40:00,0,,,,,,,,,,
1_WT_controlb_m,1,M,7,WT,0,6,9/27/2021 11:40:00,0,,,,,,,,,,
1_WT_controlb_m,1,M,8,WT,0,6,9/27/2021 11:40:00,0,,,,,,,,,,
1_WT_controlb_m,1,M,9,WT,0,6,9/27/2021 11:40:00,0,,,,,,,,,,
1_WT_controlb_m,1,M,10,WT,0,6,9/27/2021 11:40:00,0,,,,,,,,,,
1_WT_controlb_m,1,M,11,WT,0,6,9/27/2021 11:40:00,0,,,,,,,,,,
1_WT_controlb_m,1,M,12,WT,0,6,9/27/2021 11:40:00,0,,,,,,,,,,
1_WT_controlb_m,1,M,13,WT,0,6,9/27/2021 11:40:00,0,,,,,,,,,,
1_WT_controlb_m,1,M,14,WT,0,6,9/27/2021 11:40:00,0,,,,,,,,,,
1_WT_controlb_m,1,M,15,WT,0,6,9/27/2021 11:40:00,0,,,,,,,,,,
1_WT_controlb_m,1,M,16,WT,0,6,9/27/2021 11:40:00,0,,,,,,,,,,
1_WT_controlb_m,1,M,17,WT,0,6,9/27/2021 11:40:00,0,,,,,,,,,,
1_WT_controlb_m,1,M,18,WT,0,6,9/27/2021 11:40:00,0,,,,,,,,,,
1_WT_controlb_m,1,M,19,WT,0,6,9/27/2021 11:40:00,0,,,,,,,,,,
1_WT_controlb_m,1,M,20,WT,0,6,9/27/2021 11:40:00,0,,,,,,,,,,
1_WT_7.5_m,1,M,1,WT,7.5,6,9/27/2021 11:40:00,0,,,,,,,,,,
1_WT_7.5_m,1,M,2,WT,7.5,6,9/27/2021 11:40:00,4.106,,,,,,,,,,
1_WT_7.5_m,1,M,3,WT,7.5,6,9/27/2021 11:40:00,0,,,,,,,,,,
1_WT_7.5_m,1,M,4,WT,7.5,6,9/27/2021 11:40:00,0,,,,,,,,,,
1_WT_7.5_m,1,M,5,WT,7.5,6,9/27/2021 11:40:00,0.844,,,,,,,,,,
1_WT_7.5_m,1,M,6,WT,7.5,6,9/27/2021 11:40:00,0,,,,,,,,,,
1_WT_7.5_m,1,M,7,WT,7.5,6,9/27/2021 11:40:00,0.615,,,,,,,,,,
1_WT_7.5_m,1,M,8,WT,7.5,6,9/27/2021 11:40:00,0,,,,,,,,,,
1_WT_7.5_m,1,M,9,WT,7.5,6,9/27/2021 11:40:00,0,,,,,,,,,,
1_WT_7.5_m,1,M,10,WT,7.5,6,9/27/2021 11:40:00,0,,,,,,,,,,
1_WT_7.5_m,1,M,11,WT,7.5,6,9/27/2021 11:40:00,0,,,,,,,,,,
1_WT_7.5_m,1,M,12,WT,7.5,6,9/27/2021 11:40:00,0,,,,,,,,,,
1_WT_7.5_m,1,M,13,WT,7.5,6,9/27/2021 11:40:00,0,,,,,,,,,,
1_WT_7.5_m,1,M,14,WT,7.5,6,9/27/2021 11:40:00,0,,,,,,,,,,
1_WT_7.5_m,1,M,15,WT,7.5,6,9/27/2021 11:40:00,4.727,,,,,,,,,,
1_WT_7.5_m,1,M,16,WT,7.5,6,9/27/2021 11:40:00,0,,,,,,,,,,
1_WT_7.5_m,1,M,17,WT,7.5,6,9/27/2021 11:40:00,0,,,,,,,,,,
1_WT_7.5_m,1,M,18,WT,7.5,6,9/27/2021 11:40:00,0,,,,,,,,,,
1_WT_7.5_m,1,M,19,WT,7.5,6,9/27/2021 11:40:00,0,,,,,,,,,,
1_WT_7.5_m,1,M,20,WT,7.5,6,9/27/2021 11:40:00,3.974,,,,,,,,,,
1_KO_controla_m,1,M,1,KO,0,6,9/27/2021 11:40:00,3.46,,,,,,,,,,
1_KO_controla_m,1,M,2,KO,0,6,9/27/2021 11:40:00,3.865,,,,,,,,,,
1_KO_controla_m,1,M,3,KO,0,6,9/27/2021 11:40:00,6.139,,,,,,,,,,
1_KO_controla_m,1,M,4,KO,0,6,9/27/2021 11:40:00,4.124,,,,,,,,,,
1_KO_controla_m,1,M,5,KO,0,6,9/27/2021 11:40:00,3.733,,,,,,,,,,
1_KO_controla_m,1,M,6,KO,0,6,9/27/2021 11:40:00,5.606,,,,,,,,,,
1_KO_controla_m,1,M,7,KO,0,6,9/27/2021 11:40:00,5.719,,,,,,,,,,
1_KO_controla_m,1,M,8,KO,0,6,9/27/2021 11:40:00,3.479,,,,,,,,,,
1_KO_controla_m,1,M,9,KO,0,6,9/27/2021 11:40:00,4.378,,,,,,,,,,
1_KO_controla_m,1,M,10,KO,0,6,9/27/2021 11:40:00,4.082,,,,,,,,,,
1_KO_controla_m,1,M,11,KO,0,6,9/27/2021 11:40:00,5.614,,,,,,,,,,
1_KO_controla_m,1,M,12,KO,0,6,9/27/2021 11:40:00,3.017,,,,,,,,,,
1_KO_controla_m,1,M,13,KO,0,6,9/27/2021 11:40:00,4.941,,,,,,,,,,
1_KO_controla_m,1,M,14,KO,0,6,9/27/2021 11:40:00,6.674,,,,,,,,,,
1_KO_controla_m,1,M,15,KO,0,6,9/27/2021 11:40:00,5.55,,,,,,,,,,
1_KO_controla_m,1,M,16,KO,0,6,9/27/2021 11:40:00,4.199,,,,,,,,,,
1_KO_controla_m,1,M,17,KO,0,6,9/27/2021 11:40:00,3.411,,,,,,,,,,
1_KO_controla_m,1,M,18,KO,0,6,9/27/2021 11:40:00,6.749,,,,,,,,,,
1_KO_controla_m,1,M,19,KO,0,6,9/27/2021 11:40:00,4.938,,,,,,,,,,
1_KO_controla_m,1,M,20,KO,0,6,9/27/2021 11:40:00,3.937,,,,,,,,,,
1_KO_controla_m,1,M,21,KO,0,6,9/27/2021 11:40:00,4.088,,,,,,,,,,
1_KO_controla_m,1,M,22,KO,0,6,9/27/2021 11:40:00,5.345,,,,,,,,,,
1_KO_controla_m,1,M,23,KO,0,6,9/27/2021 11:40:00,2.542,,,,,,,,,,
1_KO_controla_m,1,M,24,KO,0,6,9/27/2021 11:40:00,4.084,,,,,,,,,,
1_KO_controla_m,1,M,25,KO,0,6,9/27/2021 11:40:00,2.471,,,,,,,,,,
1_KO_7.5_m,1,M,1,KO,7.5,6,9/27/2021 11:40:00,2.522,,,,,,,,,,
1_KO_7.5_m,1,M,2,KO,7.5,6,9/27/2021 11:40:00,3.095,,,,,,,,,,
1_KO_7.5_m,1,M,3,KO,7.5,6,9/27/2021 11:40:00,2.534,,,,,,,,,,
1_KO_7.5_m,1,M,4,KO,7.5,6,9/27/2021 11:40:00,2.174,,,,,,,,,,
1_KO_7.5_m,1,M,5,KO,7.5,6,9/27/2021 11:40:00,2.765,,,,,,,,,,
1_KO_7.5_m,1,M,6,KO,7.5,6,9/27/2021 11:40:00,2.452,,,,,,,,,,
1_KO_7.5_m,1,M,7,KO,7.5,6,9/27/2021 11:40:00,1.573,,,,,,,,,,
1_KO_7.5_m,1,M,8,KO,7.5,6,9/27/2021 11:40:00,3.02,,,,,,,,,,
1_KO_7.5_m,1,M,9,KO,7.5,6,9/27/2021 11:40:00,2.746,,,,,,,,,,
1_KO_7.5_m,1,M,10,KO,7.5,6,9/27/2021 11:40:00,1.996,,,,,,,,,,
1_KO_7.5_m,1,M,11,KO,7.5,6,9/27/2021 11:40:00,1.791,,,,,,,,,,
1_KO_7.5_m,1,M,12,KO,7.5,6,9/27/2021 11:40:00,1.546,,,,,,,,,,
1_KO_7.5_m,1,M,13,KO,7.5,6,9/27/2021 11:40:00,2.875,,,,,,,,,,
1_KO_7.5_m,1,M,14,KO,7.5,6,9/27/2021 11:40:00,2.583,,,,,,,,,,
1_KO_7.5_m,1,M,15,KO,7.5,6,9/27/2021 11:40:00,2.109,,,,,,,,,,
1_KO_7.5_m,1,M,16,KO,7.5,6,9/27/2021 11:40:00,2.244,,,,,,,,,,
1_KO_7.5_m,1,M,17,KO,7.5,6,9/27/2021 11:40:00,2.659,,,,,,,,,,
1_KO_7.5_m,1,M,18,KO,7.5,6,9/27/2021 11:40:00,2.918,,,,,,,,,,
1_KO_7.5_m,1,M,19,KO,7.5,6,9/27/2021 11:40:00,2.285,,,,,,,,,,
1_KO_7.5_m,1,M,20,KO,7.5,6,9/27/2021 11:40:00,2.649,,,,,,,,,,
1_KO_7.5_m,1,M,21,KO,7.5,6,9/27/2021 11:40:00,2.724,,,,,,,,,,
1_KO_7.5_m,1,M,22,KO,7.5,6,9/27/2021 11:40:00,2.549,,,,,,,,,,
1_KO_7.5_m,1,M,23,KO,7.5,6,9/27/2021 11:40:00,2.175,,,,,,,,,,
1_KO_7.5_m,1,M,24,KO,7.5,6,9/27/2021 11:40:00,1.48,,,,,,,,,,
1_KO_7.5_m,1,M,25,KO,7.5,6,9/27/2021 11:40:00,2.64,,,,,,,,,,
1_WT_controla_m,1,M,1,WT,0,7,9/28/2021 10:39:00,0,,,,,,,,,,
1_WT_controla_m,1,M,2,WT,0,7,9/28/2021 10:39:00,0,,,,,,,,,,
1_WT_controla_m,1,M,3,WT,0,7,9/28/2021 10:39:00,2.332,,,,,,,,,,
1_WT_controla_m,1,M,4,WT,0,7,9/28/2021 10:39:00,0,,,,,,,,,,
1_WT_controla_m,1,M,5,WT,0,7,9/28/2021 10:39:00,3.011,,,,,,,,,,
1_WT_controla_m,1,M,6,WT,0,7,9/28/2021 10:39:00,0,,,,,,,,,,
1_WT_controla_m,1,M,7,WT,0,7,9/28/2021 10:39:00,0,,,,,,,,,,
1_WT_controla_m,1,M,8,WT,0,7,9/28/2021 10:39:00,0,,,,,,,,,,
1_WT_controla_m,1,M,9,WT,0,7,9/28/2021 10:39:00,0,,,,,,,,,,
1_WT_controla_m,1,M,10,WT,0,7,9/28/2021 10:39:00,5.042,,,,,,,,,,
1_WT_controla_m,1,M,11,WT,0,7,9/28/2021 10:39:00,0,,,,,,,,,,
1_WT_controla_m,1,M,12,WT,0,7,9/28/2021 10:39:00,6.776,,,,,,,,,,
1_WT_controla_m,1,M,13,WT,0,7,9/28/2021 10:39:00,3.325,,,,,,,,,,
1_WT_controlb_j,1,M,1,WT,0,7,9/28/2021 10:40:00,0,,,,,,,,,,
1_WT_controlb_j,1,M,2,WT,0,7,9/28/2021 10:40:00,0,,,,,,,,,,
1_WT_controlb_j,1,M,3,WT,0,7,9/28/2021 10:40:00,0,,,,,,,,,,
1_WT_controlb_j,1,M,4,WT,0,7,9/28/2021 10:40:00,0,,,,,,,,,,
1_WT_controlb_j,1,M,5,WT,0,7,9/28/2021 10:40:00,0,,,,,,,,,,
1_WT_controlb_j,1,M,6,WT,0,7,9/28/2021 10:40:00,0,,,,,,,,,,
1_WT_controlb_j,1,M,7,WT,0,7,9/28/2021 10:40:00,0,,,,,,,,,,
1_WT_controlb_j,1,M,8,WT,0,7,9/28/2021 10:40:00,0,,,,,,,,,,
1_WT_controlb_j,1,M,9,WT,0,7,9/28/2021 10:40:00,0,,,,,,,,,,
1_WT_controlb_j,1,M,10,WT,0,7,9/28/2021 10:40:00,0,,,,,,,,,,
1_WT_controlb_j,1,M,11,WT,0,7,9/28/2021 10:40:00,0,,,,,,,,,,
1_WT_controlb_j,1,M,12,WT,0,7,9/28/2021 10:40:00,0,,,,,,,,,,
1_WT_controlb_j,1,M,13,WT,0,7,9/28/2021 10:40:00,0,,,,,,,,,,
1_WT_controlb_j,1,M,14,WT,0,7,9/28/2021 10:40:00,0,,,,,,,,,,
1_WT_controlb_j,1,M,15,WT,0,7,9/28/2021 10:40:00,0,,,,,,,,,,
1_WT_controlb_j,1,M,16,WT,0,7,9/28/2021 10:40:00,0,,,,,,,,,,
1_WT_controlb_j,1,M,17,WT,0,7,9/28/2021 10:40:00,0,,,,,,,,,,
1_WT_controlb_j,1,M,18,WT,0,7,9/28/2021 10:40:00,0,,,,,,,,,,
1_WT_controlb_j,1,M,19,WT,0,7,9/28/2021 10:40:00,0,,,,,,,,,,
1_WT_controlb_j,1,M,20,WT,0,7,9/28/2021 10:40:00,0,,,,,,,,,,
1_WT_7.5_M,1,M,1,WT,137.5,7,9/28/2021 10:40:00,0,,,,,,,,,,
1_WT_7.5_M,1,M,2,WT,137.5,7,9/28/2021 10:40:00,5.295,,,,,,,,,,
1_WT_7.5_M,1,M,3,WT,137.5,7,9/28/2021 10:40:00,0,,,,,,,,,,
1_WT_7.5_M,1,M,4,WT,137.5,7,9/28/2021 10:40:00,0,,,,,,,,,,
1_WT_7.5_M,1,M,5,WT,137.5,7,9/28/2021 10:40:00,1.999,,,,,,,,,,
1_WT_7.5_M,1,M,6,WT,137.5,7,9/28/2021 10:40:00,0,,,,,,,,,,
1_WT_7.5_M,1,M,7,WT,137.5,7,9/28/2021 10:40:00,1.495,,,,,,,,,,
1_WT_7.5_M,1,M,8,WT,137.5,7,9/28/2021 10:40:00,0,,,,,,,,,,
1_WT_7.5_M,1,M,9,WT,137.5,7,9/28/2021 10:40:00,0,,,,,,,,,,
1_WT_7.5_M,1,M,10,WT,137.5,7,9/28/2021 10:40:00,0,,,,,,,,,,
1_WT_7.5_M,1,M,11,WT,137.5,7,9/28/2021 10:40:00,0,,,,,,,,,,
1_WT_7.5_M,1,M,12,WT,137.5,7,9/28/2021 10:40:00,0,,,,,,,,,,
1_WT_7.5_M,1,M,13,WT,137.5,7,9/28/2021 10:40:00,0,,,,,,,,,,
1_WT_7.5_M,1,M,14,WT,137.5,7,9/28/2021 10:40:00,0,,,,,,,,,,
1_WT_7.5_M,1,M,15,WT,137.5,7,9/28/2021 10:40:00,4.8,,,,,,,,,,
1_WT_7.5_M,1,M,16,WT,137.5,7,9/28/2021 10:40:00,0,,,,,,,,,,
1_WT_7.5_M,1,M,17,WT,137.5,7,9/28/2021 10:40:00,0,,,,,,,,,,
1_WT_7.5_M,1,M,18,WT,137.5,7,9/28/2021 10:40:00,0,,,,,,,,,,
1_WT_7.5_M,1,M,19,WT,137.5,7,9/28/2021 10:40:00,0,,,,,,,,,,
1_WT_7.5_M,1,M,20,WT,137.5,7,9/28/2021 10:40:00,4.891,,,,,,,,,,
1_KO_controla_M,1,M,1,KO,0,7,9/28/2021 10:40:00,5.321,,,,,,,,,,
1_KO_controla_M,1,M,2,KO,0,7,9/28/2021 10:40:00,5.176,,,,,,,,,,
1_KO_controla_M,1,M,3,KO,0,7,9/28/2021 10:40:00,7.485,,,,,,,,,,
1_KO_controla_M,1,M,4,KO,0,7,9/28/2021 10:40:00,5.437,,,,,,,,,,
1_KO_controla_M,1,M,5,KO,0,7,9/28/2021 10:40:00,4.622,,,,,,,,,,
1_KO_controla_M,1,M,6,KO,0,7,9/28/2021 10:40:00,6.91,,,,,,,,,,
1_KO_controla_M,1,M,7,KO,0,7,9/28/2021 10:40:00,6.887,,,,,,,,,,
1_KO_controla_M,1,M,8,KO,0,7,9/28/2021 10:40:00,4.01,,,,,,,,,,
1_KO_controla_M,1,M,9,KO,0,7,9/28/2021 10:40:00,5.259,,,,,,,,,,
1_KO_controla_M,1,M,10,KO,0,7,9/28/2021 10:40:00,5.038,,,,,,,,,,
1_KO_controla_M,1,M,11,KO,0,7,9/28/2021 10:40:00,5.773,,,,,,,,,,
1_KO_controla_M,1,M,12,KO,0,7,9/28/2021 10:40:00,4.072,,,,,,,,,,
1_KO_controla_M,1,M,13,KO,0,7,9/28/2021 10:40:00,5.762,,,,,,,,,,
1_KO_controla_M,1,M,14,KO,0,7,9/28/2021 10:40:00,7.736,,,,,,,,,,
1_KO_controla_M,1,M,15,KO,0,7,9/28/2021 10:40:00,6.59,,,,,,,,,,
1_KO_controla_M,1,M,16,KO,0,7,9/28/2021 10:40:00,5.493,,,,,,,,,,
1_KO_controla_M,1,M,17,KO,0,7,9/28/2021 10:40:00,3.936,,,,,,,,,,
1_KO_controla_M,1,M,18,KO,0,7,9/28/2021 10:40:00,7.492,,,,,,,,,,
1_KO_controla_M,1,M,19,KO,0,7,9/28/2021 10:40:00,5.661,,,,,,,,,,
1_KO_controla_M,1,M,20,KO,0,7,9/28/2021 10:40:00,4.076,,,,,,,,,,
1_KO_controla_M,1,M,21,KO,0,7,9/28/2021 10:40:00,4.832,,,,,,,,,,
1_KO_controla_M,1,M,22,KO,0,7,9/28/2021 10:40:00,6.217,,,,,,,,,,
1_KO_controla_M,1,M,23,KO,0,7,9/28/2021 10:40:00,3.2,,,,,,,,,,
1_KO_controla_M,1,M,24,KO,0,7,9/28/2021 10:40:00,4.961,,,,,,,,,,
1_KO_controla_M,1,M,25,KO,0,7,9/28/2021 10:40:00,3.604,,,,,,,,,,
1_KO_7.5_M,1,M,1,KO,7.5,7,9/28/2021 10:40:00,3.357,,,,,,,,,,
1_KO_7.5_M,1,M,2,KO,7.5,7,9/28/2021 10:40:00,3.957,,,,,,,,,,
1_KO_7.5_M,1,M,3,KO,7.5,7,9/28/2021 10:40:00,3.629,,,,,,,,,,
1_KO_7.5_M,1,M,4,KO,7.5,7,9/28/2021 10:40:00,2.868,,,,,,,,,,
1_KO_7.5_M,1,M,5,KO,7.5,7,9/28/2021 10:40:00,3.228,,,,,,,,,,
1_KO_7.5_M,1,M,6,KO,7.5,7,9/28/2021 10:40:00,3.476,,,,,,,,,,
1_KO_7.5_M,1,M,7,KO,7.5,7,9/28/2021 10:40:00,2.009,,,,,,,,,,
1_KO_7.5_M,1,M,8,KO,7.5,7,9/28/2021 10:40:00,3.595,,,,,,,,,,
1_KO_7.5_M,1,M,9,KO,7.5,7,9/28/2021 10:40:00,3.419,,,,,,,,,,
1_KO_7.5_M,1,M,10,KO,7.5,7,9/28/2021 10:40:00,2.473,,,,,,,,,,
1_KO_7.5_M,1,M,11,KO,7.5,7,9/28/2021 10:40:00,2.317,,,,,,,,,,
1_KO_7.5_M,1,M,12,KO,7.5,7,9/28/2021 10:40:00,1.885,,,,,,,,,,
1_KO_7.5_M,1,M,13,KO,7.5,7,9/28/2021 10:40:00,3.647,,,,,,,,,,
1_KO_7.5_M,1,M,14,KO,7.5,7,9/28/2021 10:40:00,2.959,,,,,,,,,,
1_KO_7.5_M,1,M,15,KO,7.5,7,9/28/2021 10:40:00,2.527,,,,,,,,,,
1_KO_7.5_M,1,M,16,KO,7.5,7,9/28/2021 10:40:00,2.803,,,,,,,,,,
1_KO_7.5_M,1,M,17,KO,7.5,7,9/28/2021 10:40:00,3.324,,,,,,,,,,
1_KO_7.5_M,1,M,18,KO,7.5,7,9/28/2021 10:40:00,3.432,,,,,,,,,,
1_KO_7.5_M,1,M,19,KO,7.5,7,9/28/2021 10:40:00,2.987,,,,,,,,,,
1_KO_7.5_M,1,M,20,KO,7.5,7,9/28/2021 10:40:00,3.523,,,,,,,,,,
1_KO_7.5_M,1,M,21,KO,7.5,7,9/28/2021 10:40:00,3.277,,,,,,,,,,
1_KO_7.5_M,1,M,22,KO,7.5,7,9/28/2021 10:40:00,3.222,,,,,,,,,,
1_KO_7.5_M,1,M,23,KO,7.5,7,9/28/2021 10:40:00,2.846,,,,,,,,,,
1_KO_7.5_M,1,M,24,KO,7.5,7,9/28/2021 10:40:00,1.877,,,,,,,,,,
1_KO_7.5_M,1,M,25,KO,7.5,7,9/28/2021 10:40:00,2.881,,,,,,,,,,
,,,,,,,,,,,,,,,,,,
,,,,,,,,,,,,,,,,,,
,,,,,,,,,,,,,,,,,,
,,,,,,,,,,,,,,,,,,
,,,,,,,,,,,,,,,,,,
,,,,,,,,,,,,,,,,,,
,,,,,,,,,,,,,,,,,,
,,,,,,,,,,,,,,,,,,
,,,,,,,,,,,,,,,,,,
,,,,,,,,,,,,,,,,,,
,,,,,,,,,,,,,,,,,,
,,,,,,,,,,,,,,,,,,
,,,,,,,,,,,,,,,,,,
,,,,,,,,,,,,,,,,,,
,,,,,,,,,,,,,,,,,,
,,,,,,,,,,,,,,,,,,
,,,,,,,,,,,,,,,,,,
,,,,,,,,,,,,,,,,,,
,,,,,,,,,,,,,,,,,,
,,,,,,,,,,,,,,,,,,
,,,,,,,,,,,,,,,,,,
,,,,,,,,,,,,,,,,,,
,,,,,,,,,,,,,,,,,,
,,,,,,,,,,,,,,,,,,
,,,,,,,,,,,,,,,,,,
,,,,,,,,,,,,,,,,,,
,,,,,,,,,,,,,,,,,,
,,,,,,,,,,,,,,,,,,
,,,,,,,,,,,,,,,,,,
,,,,,,,,,,,,,,,,,,
,,,,,,,,,,,,,,,,,,
,,,,,,,,,,,,,,,,,,
,,,,,,,,,,,,,,,,,,
,,,,,,,,,,,,,,,,,,
,,,,,,,,,,,,,,,,,,
,,,,,,,,,,,,,,,,,,
,,,,,,,,,,,,,,,,,,
,,,,,,,,,,,,,,,,,,
,,,,,,,,,,,,,,,,,,
,,,,,,,,,,,,,,,,,,
,,,,,,,,,,,,,,,,,,
,,,,,,,,,,,,,,,,,,
,,,,,,,,,,,,,,,,,,
,,,,,,,,,,,,,,,,,,
,,,,,,,,,,,,,,,,,,
,,,,,,,,,,,,,,,,,,
,,,,,,,,,,,,,,,,,,
,,,,,,,,,,,,,,,,,,
,,,,,,,,,,,,,,,,,,
,,,,,,,,,,,,,,,,,,
,,,,,,,,,,,,,,,,,,
,,,,,,,,,,,,,,,,,,
,,,,,,,,,,,,,,,,,,
,,,,,,,,,,,,,,,,,,
,,,,,,,,,,,,,,,,,,
,,,,,,,,,,,,,,,,,,
,,,,,,,,,,,,,,,,,,
,,,,,,,,,,,,,,,,,,
,,,,,,,,,,,,,,,,,,
,,,,,,,,,,,,,,,,,,
,,,,,,,,,,,,,,,,,,
,,,,,,,,,,,,,,,,,,
,,,,,,,,,,,,,,,,,,
,,,,,,,,,,,,,,,,,,
,,,,,,,,,,,,,,,,,,
,,,,,,,,,,,,,,,,,,
,,,,,,,,,,,,,,,,,,
,,,,,,,,,,,,,,,,,,
,,,,,,,,,,,,,,,,,,
,,,,,,,,,,,,,,,,,,
,,,,,,,,,,,,,,,,,,
,,,,,,,,,,,,,,,,,,
,,,,,,,,,,,,,,,,,,
,,,,,,,,,,,,,,,,,,
,,,,,,,,,,,,,,,,,,
,,,,,,,,,,,,,,,,,,
,,,,,,,,,,,,,,,,,,
,,,,,,,,,,,,,,,,,,
,,,,,,,,,,,,,,,,,,
,,,,,,,,,,,,,,,,,,
,,,,,,,,,,,,,,,,,,
,,,,,,,,,,,,,,,,,,
,,,,,,,,,,,,,,,,,,
,,,,,,,,,,,,,,,,,,
,,,,,,,,,,,,,,,,,,
,,,,,,,,,,,,,,,,,,
,,,,,,,,,,,,,,,,,,
,,,,,,,,,,,,,,,,,,
,,,,,,,,,,,,,,,,,,
,,,,,,,,,,,,,,,,,,
,,,,,,,,,,,,,,,,,,
,,,,,,,,,,,,,,,,,,
,,,,,,,,,,,,,,,,,,
,,,,,,,,,,,,,,,,,,
,,,,,,,,,,,,,,,,,,
,,,,,,,,,,,,,,,,,,
,,,,,,,,,,,,,,,,,,
,,,,,,,,,,,,,,,,,,
,,,,,,,,,,,,,,,,,,
,,,,,,,,,,,,,,,,,,
,,,,,,,,,,,,,,,,,,
,,,,,,,,,,,,,,,,,,
,,,,,,,,,,,,,,,,,,
,,,,,,,,,,,,,,,,,,
,,,,,,,,,,,,,,,,,,
,,,,,,,,,,,,,,,,,,
,,,,,,,,,,,,,,,,,,
,,,,,,,,,,,,,,,,,,
,,,,,,,,,,,,,,,,,,
,,,,,,,,,,,,,,,,,,
,,,,,,,,,,,,,,,,,,
,,,,,,,,,,,,,,,,,,
,,,,,,,,,,,,,,,,,,
,,,,,,,,,,,,,,,,,,
,,,,,,,,,,,,,,,,,,
,,,,,,,,,,,,,,,,,,
,,,,,,,,,,,,,,,,,,
,,,,,,,,,,,,,,,,,,
,,,,,,,,,,,,,,,,,,
,,,,,,,,,,,,,,,,,,
,,,,,,,,,,,,,,,,,,
,,,,,,,,,,,,,,,,,,
,,,,,,,,,,,,,,,,,,
,,,,,,,,,,,,,,,,,,
,,,,,,,,,,,,,,,,,,
,,,,,,,,,,,,,,,,,,
,,,,,,,,,,,,,,,,,,
,,,,,,,,,,,,,,,,,,
,,,,,,,,,,,,,,,,,,
,,,,,,,,,,,,,,,,,,
,,,,,,,,,,,,,,,,,,
,,,,,,,,,,,,,,,,,,
,,,,,,,,,,,,,,,,,,
,,,,,,,,,,,,,,,,,,
,,,,,,,,,,,,,,,,,,
,,,,,,,,,,,,,,,,,,
,,,,,,,,,,,,,,,,,,
,,,,,,,,,,,,,,,,,,
,,,,,,,,,,,,,,,,,,
,,,,,,,,,,,,,,,,,,
,,,,,,,,,,,,,,,,,,
,,,,,,,,,,,,,,,,,,
,,,,,,,,,,,,,,,,,,
,,,,,,,,,,,,,,,,,,
,,,,,,,,,,,,,,,,,,
,,,,,,,,,,,,,,,,,,
,,,,,,,,,,,,,,,,,,
,,,,,,,,,,,,,,,,,,
,,,,,,,,,,,,,,,,,,
,,,,,,,,,,,,,,,,,,
,,,,,,,,,,,,,,,,,,
,,,,,,,,,,,,,,,,,,
,,,,,,,,,,,,,,,,,,
,,,,,,,,,,,,,,,,,,
,,,,,,,,,,,,,,,,,,
,,,,,,,,,,,,,,,,,,
,,,,,,,,,,,,,,,,,,
,,,,,,,,,,,,,,,,,,
,,,,,,,,,,,,,,,,,,
,,,,,,,,,,,,,,,,,,
,,,,,,,,,,,,,,,,,,
,,,,,,,,,,,,,,,,,,
,,,,,,,,,,,,,,,,,,
,,,,,,,,,,,,,,,,,,
,,,,,,,,,,,,,,,,,,
,,,,,,,,,,,,,,,,,,
,,,,,,,,,,,,,,,,,,
,,,,,,,,,,,,,,,,,,
,,,,,,,,,,,,,,,,,,
,,,,,,,,,,,,,,,,,,
,,,,,,,,,,,,,,,,,,
,,,,,,,,,,,,,,,,,,
,,,,,,,,,,,,,,,,,,
,,,,,,,,,,,,,,,,,,
,,,,,,,,,,,,,,,,,,
,,,,,,,,,,,,,,,,,,
,,,,,,,,,,,,,,,,,,
,,,,,,,,,,,,,,,,,,
,,,,,,,,,,,,,,,,,,
,,,,,,,,,,,,,,,,,,
,,,,,,,,,,,,,,,,,,
,,,,,,,,,,,,,,,,,,
,,,,,,,,,,,,,,,,,,
,,,,,,,,,,,,,,,,,,
,,,,,,,,,,,,,,,,,,
,,,,,,,,,,,,,,,,,,
,,,,,,,,,,,,,,,,,,
,,,,,,,,,,,,,,,,,,
,,,,,,,,,,,,,,,,,,
,,,,,,,,,,,,,,,,,,
,,,,,,,,,,,,,,,,,,
,,,,,,,,,,,,,,,,,,
,,,,,,,,,,,,,,,,,,
,,,,,,,,,,,,,,,,,,
,,,,,,,,,,,,,,,,,,
,,,,,,,,,,,,,,,,,,
,,,,,,,,,,,,,,,,,,
,,,,,,,,,,,,,,,,,,
,,,,,,,,,,,,,,,,,,
,,,,,,,,,,,,,,,,,,
,,,,,,,,,,,,,,,,,,
,,,,,,,,,,,,,,,,,,
,,,,,,,,,,,,,,,,,,
,,,,,,,,,,,,,,,,,,
,,,,,,,,,,,,,,,,,,
,,,,,,,,,,,,,,,,,,
,,,,,,,,,,,,,,,,,,
,,,,,,,,,,,,,,,,,,
,,,,,,,,,,,,,,,,,,
,,,,,,,,,,,,,,,,,,
,,,,,,,,,,,,,,,,,,
,,,,,,,,,,,,,,,,,,
,,,,,,,,,,,,,,,,,,
,,,,,,,,,,,,,,,,,,
,,,,,,,,,,,,,,,,,,
,,,,,,,,,,,,,,,,,,
,,,,,,,,,,,,,,,,,,
,,,,,,,,,,,,,,,,,,
,,,,,,,,,,,,,,,,,,
,,,,,,,,,,,,,,,,,,
,,,,,,,,,,,,,,,,,,
,,,,,,,,,,,,,,,,,,
,,,,,,,,,,,,,,,,,,
,,,,,,,,,,,,,,,,,,
,,,,,,,,,,,,,,,,,,
,,,,,,,,,,,,,,,,,,
,,,,,,,,,,,,,,,,,,
,,,,,,,,,,,,,,,,,,
,,,,,,,,,,,,,,,,,,
,,,,,,,,,,,,,,,,,,
,,,,,,,,,,,,,,,,,,
,,,,,,,,,,,,,,,,,,
,,,,,,,,,,,,,,,,,,
,,,,,,,,,,,,,,,,,,
,,,,,,,,,,,,,,,,,,
,,,,,,,,,,,,,,,,,,
,,,,,,,,,,,,,,,,,,
,,,,,,,,,,,,,,,,,,
,,,,,,,,,,,,,,,,,,
,,,,,,,,,,,,,,,,,,
,,,,,,,,,,,,,,,,,,
,,,,,,,,,,,,,,,,,,
,,,,,,,,,,,,,,,,,,
,,,,,,,,,,,,,,,,,,
,,,,,,,,,,,,,,,,,,
,,,,,,,,,,,,,,,,,,
,,,,,,,,,,,,,,,,,,
,,,,,,,,,,,,,,,,,,
,,,,,,,,,,,,,,,,,,
,,,,,,,,,,,,,,,,,,
,,,,,,,,,,,,,,,,,,
,,,,,,,,,,,,,,,,,,
,,,,,,,,,,,,,,,,,,
,,,,,,,,,,,,,,,,,,
,,,,,,,,,,,,,,,,,,
,,,,,,,,,,,,,,,,,,
,,,,,,,,,,,,,,,,,,
,,,,,,,,,,,,,,,,,,
,,,,,,,,,,,,,,,,,,
,,,,,,,,,,,,,,,,,,
,,,,,,,,,,,,,,,,,,
,,,,,,,,,,,,,,,,,,
,,,,,,,,,,,,,,,,,,
,,,,,,,,,,,,,,,,,,
,,,,,,,,,,,,,,,,,,
,,,,,,,,,,,,,,,,,,
,,,,,,,,,,,,,,,,,,
,,,,,,,,,,,,,,,,,,
,,,,,,,,,,,,,,,,,,
,,,,,,,,,,,,,,,,,,
,,,,,,,,,,,,,,,,,,
,,,,,,,,,,,,,,,,,,
,,,,,,,,,,,,,,,,,,
,,,,,,,,,,,,,,,,,,
,,,,,,,,,,,,,,,,,,
,,,,,,,,,,,,,,,,,,
,,,,,,,,,,,,,,,,,,
,,,,,,,,,,,,,,,,,,
,,,,,,,,,,,,,,,,,,
,,,,,,,,,,,,,,,,,,
,,,,,,,,,,,,,,,,,,
,,,,,,,,,,,,,,,,,,
,,,,,,,,,,,,,,,,,,
,,,,,,,,,,,,,,,,,,
,,,,,,,,,,,,,,,,,,
,,,,,,,,,,,,,,,,,,
,,,,,,,,,,,,,,,,,,
,,,,,,,,,,,,,,,,,,
,,,,,,,,,,,,,,,,,,
,,,,,,,,,,,,,,,,,,
,,,,,,,,,,,,,,,,,,
,,,,,,,,,,,,,,,,,,
,,,,,,,,,,,,,,,,,,
,,,,,,,,,,,,,,,,,,
,,,,,,,,,,,,,,,,,,
,,,,,,,,,,,,,,,,,,
,,,,,,,,,,,,,,,,,,
,,,,,,,,,,,,,,,,,,
,,,,,,,,,,,,,,,,,,
,,,,,,,,,,,,,,,,,,
,,,,,,,,,,,,,,,,,,
,,,,,,,,,,,,,,,,,,
,,,,,,,,,,,,,,,,,,
,,,,,,,,,,,,,,,,,,
,,,,,,,,,,,,,,,,,,
,,,,,,,,,,,,,,,,,,
,,,,,,,,,,,,,,,,,,
,,,,,,,,,,,,,,,,,,
,,,,,,,,,,,,,,,,,,
,,,,,,,,,,,,,,,,,,
,,,,,,,,,,,,,,,,,,
,,,,,,,,,,,,,,,,,,
,,,,,,,,,,,,,,,,,,
,,,,,,,,,,,,,,,,,,
,,,,,,,,,,,,,,,,,,
,,,,,,,,,,,,,,,,,,
,,,,,,,,,,,,,,,,,,
,,,,,,,,,,,,,,,,,,
,,,,,,,,,,,,,,,,,,
,,,,,,,,,,,,,,,,,,
,,,,,,,,,,,,,,,,,,
,,,,,,,,,,,,,,,,,,
,,,,,,,,,,,,,,,,,,
,,,,,,,,,,,,,,,,,,
,,,,,,,,,,,,,,,,,,
,,,,,,,,,,,,,,,,,,
,,,,,,,,,,,,,,,,,,
,,,,,,,,,,,,,,,,,,
,,,,,,,,,,,,,,,,,,
,,,,,,,,,,,,,,,,,,
,,,,,,,,,,,,,,,,,,
,,,,,,,,,,,,,,,,,,
,,,,,,,,,,,,,,,,,,
,,,,,,,,,,,,,,,,,,
,,,,,,,,,,,,,,,,,,
,,,,,,,,,,,,,,,,,,
,,,,,,,,,,,,,,,,,,
,,,,,,,,,,,,,,,,,,
,,,,,,,,,,,,,,,,,,
,,,,,,,,,,,,,,,,,,
,,,,,,,,,,,,,,,,,,
,,,,,,,,,,,,,,,,,,
,,,,,,,,,,,,,,,,,,
,,,,,,,,,,,,,,,,,,
,,,,,,,,,,,,,,,,,,
,,,,,,,,,,,,,,,,,,
,,,,,,,,,,,,,,,,,,
,,,,,,,,,,,,,,,,,,
,,,,,,,,,,,,,,,,,,
,,,,,,,,,,,,,,,,,,
,,,,,,,,,,,,,,,,,,
,,,,,,,,,,,,,,,,,,
,,,,,,,,,,,,,,,,,,
,,,,,,,,,,,,,,,,,,
,,,,,,,,,,,,,,,,,,
,,,,,,,,,,,,,,,,,,
,,,,,,,,,,,,,,,,,,
,,,,,,,,,,,,,,,,,,
,,,,,,,,,,,,,,,,,,
,,,,,,,,,,,,,,,,,,
,,,,,,,,,,,,,,,,,,
,,,,,,,,,,,,,,,,,,
,,,,,,,,,,,,,,,,,,
,,,,,,,,,,,,,,,,,,
,,,,,,,,,,,,,,,,,,
,,,,,,,,,,,,,,,,,,
,,,,,,,,,,,,,,,,,,
,,,,,,,,,,,,,,,,,,
,,,,,,,,,,,,,,,,,,
,,,,,,,,,,,,,,,,,,
,,,,,,,,,,,,,,,,,,
,,,,,,,,,,,,,,,,,,
,,,,,,,,,,,,,,,,,,
,,,,,,,,,,,,,,,,,,
,,,,,,,,,,,,,,,,,,
,,,,,,,,,,,,,,,,,,
,,,,,,,,,,,,,,,,,,
,,,,,,,,,,,,,,,,,,
,,,,,,,,,,,,,,,,,,
,,,,,,,,,,,,,,,,,,
,,,,,,,,,,,,,,,,,,
,,,,,,,,,,,,,,,,,,
,,,,,,,,,,,,,,,,,,
,,,,,,,,,,,,,,,,,,
,,,,,,,,,,,,,,,,,,
,,,,,,,,,,,,,,,,,,
,,,,,,,,,,,,,,,,,,
,,,,,,,,,,,,,,,,,,
,,,,,,,,,,,,,,,,,,
,,,,,,,,,,,,,,,,,,
,,,,,,,,,,,,,,,,,,
,,,,,,,,,,,,,,,,,,
,,,,,,,,,,,,,,,,,,
,,,,,,,,,,,,,,,,,,
,,,,,,,,,,,,,,,,,,
,,,,,,,,,,,,,,,,,,
,,,,,,,,,,,,,,,,,,
,,,,,,,,,,,,,,,,,,
,,,,,,,,,,,,,,,,,,
,,,,,,,,,,,,,,,,,,
,,,,,,,,,,,,,,,,,,
,,,,,,,,,,,,,,,,,,
,,,,,,,,,,,,,,,,,,
,,,,,,,,,,,,,,,,,,
,,,,,,,,,,,,,,,,,,
,,,,,,,,,,,,,,,,,,
,,,,,,,,,,,,,,,,,,
,,,,,,,,,,,,,,,,,,
,,,,,,,,,,,,,,,,,,
,,,,,,,,,,,,,,,,,,
,,,,,,,,,,,,,,,,,,
,,,,,,,,,,,,,,,,,,
,,,,,,,,,,,,,,,,,,
,,,,,,,,,,,,,,,,,,
,,,,,,,,,,,,,,,,,,
,,,,,,,,,,,,,,,,,,
,,,,,,,,,,,,,,,,,,
,,,,,,,,,,,,,,,,,,
,,,,,,,,,,,,,,,,,,
,,,,,,,,,,,,,,,,,,
,,,,,,,,,,,,,,,,,,
,,,,,,,,,,,,,,,,,,
,,,,,,,,,,,,,,,,,,
,,,,,,,,,,,,,,,,,,
,,,,,,,,,,,,,,,,,,
,,,,,,,,,,,,,,,,,,
,,,,,,,,,,,,,,,,,,
,,,,,,,,,,,,,,,,,,
,,,,,,,,,,,,,,,,,,
,,,,,,,,,,,,,,,,,,
,,,,,,,,,,,,,,,,,,
,,,,,,,,,,,,,,,,,,
,,,,,,,,,,,,,,,,,,
,,,,,,,,,,,,,,,,,,
,,,,,,,,,,,,,,,,,,
,,,,,,,,,,,,,,,,,,
,,,,,,,,,,,,,,,,,,
,,,,,,,,,,,,,,,,,,
,,,,,,,,,,,,,,,,,,
,,,,,,,,,,,,,,,,,,
,,,,,,,,,,,,,,,,,,
,,,,,,,,,,,,,,,,,,
,,,,,,,,,,,,,,,,,,
,,,,,,,,,,,,,,,,,,
,,,,,,,,,,,,,,,,,,
,,,,,,,,,,,,,,,,,,
,,,,,,,,,,,,,,,,,,
,,,,,,,,,,,,,,,,,,
,,,,,,,,,,,,,,,,,,
,,,,,,,,,,,,,,,,,,
,,,,,,,,,,,,,,,,,,
,,,,,,,,,,,,,,,,,,
,,,,,,,,,,,,,,,,,,
,,,,,,,,,,,,,,,,,,
,,,,,,,,,,,,,,,,,,
,,,,,,,,,,,,,,,,,,
,,,,,,,,,,,,,,,,,,
,,,,,,,,,,,,,,,,,,
,,,,,,,,,,,,,,,,,,
,,,,,,,,,,,,,,,,,,
,,,,,,,,,,,,,,,,,,
,,,,,,,,,,,,,,,,,,
,,,,,,,,,,,,,,,,,,
,,,,,,,,,,,,,,,,,,
,,,,,,,,,,,,,,,,,,
,,,,,,,,,,,,,,,,,,
,,,,,,,,,,,,,,,,,,
,,,,,,,,,,,,,,,,,,
,,,,,,,,,,,,,,,,,,
,,,,,,,,,,,,,,,,,,
,,,,,,,,,,,,,,,,,,
,,,,,,,,,,,,,,,,,,
,,,,,,,,,,,,,,,,,,
,,,,,,,,,,,,,,,,,,
,,,,,,,,,,,,,,,,,,
,,,,,,,,,,,,,,,,,,
,,,,,,,,,,,,,,,,,,
,,,,,,,,,,,,,,,,,,
,,,,,,,,,,,,,,,,,,
,,,,,,,,,,,,,,,,,,
,,,,,,,,,,,,,,,,,,
,,,,,,,,,,,,,,,,,,
,,,,,,,,,,,,,,,,,,
,,,,,,,,,,,,,,,,,,
,,,,,,,,,,,,,,,,,,
,,,,,,,,,,,,,,,,,,
,,,,,,,,,,,,,,,,,,
,,,,,,,,,,,,,,,,,,
,,,,,,,,,,,,,,,,,,
,,,,,,,,,,,,,,,,,,
,,,,,,,,,,,,,,,,,,
,,,,,,,,,,,,,,,,,,
,,,,,,,,,,,,,,,,,,
,,,,,,,,,,,,,,,,,,
,,,,,,,,,,,,,,,,,,
,,,,,,,,,,,,,,,,,,
,,,,,,,,,,,,,,,,,,
,,,,,,,,,,,,,,,,,,
,,,,,,,,,,,,,,,,,,
,,,,,,,,,,,,,,,,,,
,,,,,,,,,,,,,,,,,,
,,,,,,,,,,,,,,,,,,
,,,,,,,,,,,,,,,,,,
,,,,,,,,,,,,,,,,,,
,,,,,,,,,,,,,,,,,,
,,,,,,,,,,,,,,,,,,
,,,,,,,,,,,,,,,,,,
,,,,,,,,,,,,,,,,,,
,,,,,,,,,,,,,,,,,,
,,,,,,,,,,,,,,,,,,
,,,,,,,,,,,,,,,,,,
,,,,,,,,,,,,,,,,,,
,,,,,,,,,,,,,,,,,,
,,,,,,,,,,,,,,,,,,
,,,,,,,,,,,,,,,,,,
,,,,,,,,,,,,,,,,,,
,,,,,,,,,,,,,,,,,,
,,,,,,,,,,,,,,,,,,
,,,,,,,,,,,,,,,,,,
,,,,,,,,,,,,,,,,,,
,,,,,,,,,,,,,,,,,,
,,,,,,,,,,,,,,,,,,
,,,,,,,,,,,,,,,,,,
,,,,,,,,,,,,,,,,,,
,,,,,,,,,,,,,,,,,,
,,,,,,,,,,,,,,,,,,
,,,,,,,,,,,,,,,,,,
,,,,,,,,,,,,,,,,,,
,,,,,,,,,,,,,,,,,,
,,,,,,,,,,,,,,,,,,
,,,,,,,,,,,,,,,,,,
,,,,,,,,,,,,,,,,,,
,,,,,,,,,,,,,,,,,,
,,,,,,,,,,,,,,,,,,
,,,,,,,,,,,,,,,,,,
,,,,,,,,,,,,,,,,,,
,,,,,,,,,,,,,,,,,,
,,,,,,,,,,,,,,,,,,
,,,,,,,,,,,,,,,,,,
,,,,,,,,,,,,,,,,,,
,,,,,,,,,,,,,,,,,,
,,,,,,,,,,,,,,,,,,
,,,,,,,,,,,,,,,,,,
,,,,,,,,,,,,,,,,,,
,,,,,,,,,,,,,,,,,,
,,,,,,,,,,,,,,,,,,
,,,,,,,,,,,,,,,,,,
,,,,,,,,,,,,,,,,,,
,,,,,,,,,,,,,,,,,,
,,,,,,,,,,,,,,,,,,
,,,,,,,,,,,,,,,,,,
,,,,,,,,,,,,,,,,,,
,,,,,,,,,,,,,,,,,,
,,,,,,,,,,,,,,,,,,
,,,,,,,,,,,,,,,,,,
,,,,,,,,,,,,,,,,,,
,,,,,,,,,,,,,,,,,,
,,,,,,,,,,,,,,,,,,
,,,,,,,,,,,,,,,,,,
,,,,,,,,,,,,,,,,,,
,,,,,,,,,,,,,,,,,,
,,,,,,,,,,,,,,,,,,
,,,,,,,,,,,,,,,,,,
,,,,,,,,,,,,,,,,,,
,,,,,,,,,,,,,,,,,,
,,,,,,,,,,,,,,,,,,
,,,,,,,,,,,,,,,,,,
,,,,,,,,,,,,,,,,,,
,,,,,,,,,,,,,,,,,,
,,,,,,,,,,,,,,,,,,
,,,,,,,,,,,,,,,,,,
,,,,,,,,,,,,,,,,,,
,,,,,,,,,,,,,,,,,,
,,,,,,,,,,,,,,,,,,
,,,,,,,,,,,,,,,,,,
,,,,,,,,,,,,,,,,,,
,,,,,,,,,,,,,,,,,,
,,,,,,,,,,,,,,,,,,
,,,,,,,,,,,,,,,,,,
,,,,,,,,,,,,,,,,,,
,,,,,,,,,,,,,,,,,,
,,,,,,,,,,,,,,,,,,
,,,,,,,,,,,,,,,,,,
,,,,,,,,,,,,,,,,,,
,,,,,,,,,,,,,,,,,,
,,,,,,,,,,,,,,,,,,
,,,,,,,,,,,,,,,,,,
,,,,,,,,,,,,,,,,,,
,,,,,,,,,,,,,,,,,,
,,,,,,,,,,,,,,,,,,
,,,,,,,,,,,,,,,,,,
,,,,,,,,,,,,,,,,,,
,,,,,,,,,,,,,,,,,,
,,,,,,,,,,,,,,,,,,
,,,,,,,,,,,,,,,,,,
,,,,,,,,,,,,,,,,,,
,,,,,,,,,,,,,,,,,,
,,,,,,,,,,,,,,,,,,
,,,,,,,,,,,,,,,,,,
,,,,,,,,,,,,,,,,,,
,,,,,,,,,,,,,,,,,,
,,,,,,,,,,,,,,,,,,
,,,,,,,,,,,,,,,,,,
,,,,,,,,,,,,,,,,,,
,,,,,,,,,,,,,,,,,,
,,,,,,,,,,,,,,,,,,
,,,,,,,,,,,,,,,,,,
,,,,,,,,,,,,,,,,,,
,,,,,,,,,,,,,,,,,,
,,,,,,,,,,,,,,,,,,
,,,,,,,,,,,,,,,,,,
,,,,,,,,,,,,,,,,,,
,,,,,,,,,,,,,,,,,,
,,,,,,,,,,,,,,,,,,
,,,,,,,,,,,,,,,,,,
,,,,,,,,,,,,,,,,,,
,,,,,,,,,,,,,,,,,,
,,,,,,,,,,,,,,,,,,
,,,,,,,,,,,,,,,,,,
,,,,,,,,,,,,,,,,,,
,,,,,,,,,,,,,,,,,,
,,,,,,,,,,,,,,,,,,
,,,,,,,,,,,,,,,,,,
,,,,,,,,,,,,,,,,,,
,,,,,,,,,,,,,,,,,,
,,,,,,,,,,,,,,,,,,
,,,,,,,,,,,,,,,,,,
,,,,,,,,,,,,,,,,,,
,,,,,,,,,,,,,,,,,,
,,,,,,,,,,,,,,,,,,
,,,,,,,,,,,,,,,,,,
,,,,,,,,,,,,,,,,,,
,,,,,,,,,,,,,,,,,,
,,,,,,,,,,,,,,,,,,
,,,,,,,,,,,,,,,,,,
,,,,,,,,,,,,,,,,,,
,,,,,,,,,,,,,,,,,,
,,,,,,,,,,,,,,,,,,
,,,,,,,,,,,,,,,,,,
,,,,,,,,,,,,,,,,,,
,,,,,,,,,,,,,,,,,,
,,,,,,,,,,,,,,,,,,
,,,,,,,,,,,,,,,,,,
,,,,,,,,,,,,,,,,,,
,,,,,,,,,,,,,,,,,,
,,,,,,,,,,,,,,,,,,
,,,,,,,,,,,,,,,,,,
,,,,,,,,,,,,,,,,,,
,,,,,,,,,,,,,,,,,,
,,,,,,,,,,,,,,,,,,
,,,,,,,,,,,,,,,,,,
,,,,,,,,,,,,,,,,,,
,,,,,,,,,,,,,,,,,,
,,,,,,,,,,,,,,,,,,
,,,,,,,,,,,,,,,,,,
,,,,,,,,,,,,,,,,,,
,,,,,,,,,,,,,,,,,,
,,,,,,,,,,,,,,,,,,
,,,,,,,,,,,,,,,,,,
,,,,,,,,,,,,,,,,,,
,,,,,,,,,,,,,,,,,,
,,,,,,,,,,,,,,,,,,
,,,,,,,,,,,,,,,,,,
,,,,,,,,,,,,,,,,,,
,,,,,,,,,,,,,,,,,,
,,,,,,,,,,,,,,,,,,
,,,,,,,,,,,,,,,,,,
,,,,,,,,,,,,,,,,,,
,,,,,,,,,,,,,,,,,,
,,,,,,,,,,,,,,,,,,
,,,,,,,,,,,,,,,,,,
,,,,,,,,,,,,,,,,,,
,,,,,,,,,,,,,,,,,,
,,,,,,,,,,,,,,,,,,
,,,,,,,,,,,,,,,,,,
,,,,,,,,,,,,,,,,,,
,,,,,,,,,,,,,,,,,,
,,,,,,,,,,,,,,,,,,
,,,,,,,,,,,,,,,,,,
,,,,,,,,,,,,,,,,,,
,,,,,,,,,,,,,,,,,,
,,,,,,,,,,,,,,,,,,
,,,,,,,,,,,,,,,,,,
,,,,,,,,,,,,,,,,,,
,,,,,,,,,,,,,,,,,,
,,,,,,,,,,,,,,,,,,
,,,,,,,,,,,,,,,,,,
,,,,,,,,,,,,,,,,,,
,,,,,,,,,,,,,,,,,,
,,,,,,,,,,,,,,,,,,
,,,,,,,,,,,,,,,,,,
,,,,,,,,,,,,,,,,,,
,,,,,,,,,,,,,,,,,,
,,,,,,,,,,,,,,,,,,
,,,,,,,,,,,,,,,,,,
,,,,,,,,,,,,,,,,,,
,,,,,,,,,,,,,,,,,,
,,,,,,,,,,,,,,,,,,
,,,,,,,,,,,,,,,,,,
,,,,,,,,,,,,,,,,,,
,,,,,,,,,,,,,,,,,,
,,,,,,,,,,,,,,,,,,
,,,,,,,,,,,,,,,,,,
,,,,,,,,,,,,,,,,,,
,,,,,,,,,,,,,,,,,,
,,,,,,,,,,,,,,,,,,
,,,,,,,,,,,,,,,,,,
,,,,,,,,,,,,,,,,,,
,,,,,,,,,,,,,,,,,,
,,,,,,,,,,,,,,,,,,
,,,,,,,,,,,,,,,,,,
,,,,,,,,,,,,,,,,,,
,,,,,,,,,,,,,,,,,,
,,,,,,,,,,,,,,,,,,
,,,,,,,,,,,,,,,,,,
,,,,,,,,,,,,,,,,,,
,,,,,,,,,,,,,,,,,,
,,,,,,,,,,,,,,,,,,
,,,,,,,,,,,,,,,,,,
,,,,,,,,,,,,,,,,,,
,,,,,,,,,,,,,,,,,,
,,,,,,,,,,,,,,,,,,
,,,,,,,,,,,,,,,,,,
,,,,,,,,,,,,,,,,,,
,,,,,,,,,,,,,,,,,,
,,,,,,,,,,,,,,,,,,
,,,,,,,,,,,,,,,,,,
,,,,,,,,,,,,,,,,,,
,,,,,,,,,,,,,,,,,,
,,,,,,,,,,,,,,,,,,
,,,,,,,,,,,,,,,,,,
,,,,,,,,,,,,,,,,,,
,,,,,,,,,,,,,,,,,,
,,,,,,,,,,,,,,,,,,
,,,,,,,,,,,,,,,,,,
,,,,,,,,,,,,,,,,,,
,,,,,,,,,,,,,,,,,,
,,,,,,,,,,,,,,,,,,
,,,,,,,,,,,,,,,,,,
,,,,,,,,,,,,,,,,,,
,,,,,,,,,,,,,,,,,,
,,,,,,,,,,,,,,,,,,
,,,,,,,,,,,,,,,,,,
,,,,,,,,,,,,,,,,,,
,,,,,,,,,,,,,,,,,,
,,,,,,,,,,,,,,,,,,
,,,,,,,,,,,,,,,,,,
,,,,,,,,,,,,,,,,,,
,,,,,,,,,,,,,,,,,,
,,,,,,,,,,,,,,,,,,
,,,,,,,,,,,,,,,,,,
,,,,,,,,,,,,,,,,,,
,,,,,,,,,,,,,,,,,,
,,,,,,,,,,,,,,,,,,
,,,,,,,,,,,,,,,,,,
,,,,,,,,,,,,,,,,,,
,,,,,,,,,,,,,,,,,,
,,,,,,,,,,,,,,,,,,
,,,,,,,,,,,,,,,,,,
,,,,,,,,,,,,,,,,,,
,,,,,,,,,,,,,,,,,,
,,,,,,,,,,,,,,,,,,
,,,,,,,,,,,,,,,,,,
,,,,,,,,,,,,,,,,,,
,,,,,,,,,,,,,,,,,,
,,,,,,,,,,,,,,,,,,
,,,,,,,,,,,,,,,,,,
,,,,,,,,,,,,,,,,,,
,,,,,,,,,,,,,,,,,,
,,,,,,,,,,,,,,,,,,
,,,,,,,,,,,,,,,,,,
,,,,,,,,,,,,,,,,,,
,,,,,,,,,,,,,,,,,,
,,,,,,,,,,,,,,,,,,
,,,,,,,,,,,,,,,,,,
,,,,,,,,,,,,,,,,,,
,,,,,,,,,,,,,,,,,,
,,,,,,,,,,,,,,,,,,
,,,,,,,,,,,,,,,,,,
,,,,,,,,,,,,,,,,,,
,,,,,,,,,,,,,,,,,,
,,,,,,,,,,,,,,,,,,
,,,,,,,,,,,,,,,,,,
,,,,,,,,,,,,,,,,,,
,,,,,,,,,,,,,,,,,,
,,,,,,,,,,,,,,,,,,
,,,,,,,,,,,,,,,,,,
,,,,,,,,,,,,,,,,,,
,,,,,,,,,,,,,,,,,,
,,,,,,,,,,,,,,,,,,
,,,,,,,,,,,,,,,,,,
,,,,,,,,,,,,,,,,,,
,,,,,,,,,,,,,,,,,,
,,,,,,,,,,,,,,,,,,
,,,,,,,,,,,,,,,,,,
,,,,,,,,,,,,,,,,,,
,,,,,,,,,,,,,,,,,,
,,,,,,,,,,,,,,,,,,
,,,,,,,,,,,,,,,,,,
,,,,,,,,,,,,,,,,,,
,,,,,,,,,,,,,,,,,,
,,,,,,,,,,,,,,,,,,
,,,,,,,,,,,,,,,,,,
,,,,,,,,,,,,,,,,,,
,,,,,,,,,,,,,,,,,,
,,,,,,,,,,,,,,,,,,
,,,,,,,,,,,,,,,,,,
,,,,,,,,,,,,,,,,,,
,,,,,,,,,,,,,,,,,,
,,,,,,,,,,,,,,,,,,
,,,,,,,,,,,,,,,,,,
,,,,,,,,,,,,,,,,,,
,,,,,,,,,,,,,,,,,,
,,,,,,,,,,,,,,,,,,
,,,,,,,,,,,,,,,,,,
,,,,,,,,,,,,,,,,,,
,,,,,,,,,,,,,,,,,,
,,,,,,,,,,,,,,,,,,
,,,,,,,,,,,,,,,,,,
,,,,,,,,,,,,,,,,,,
,,,,,,,,,,,,,,,,,,
,,,,,,,,,,,,,,,,,,
,,,,,,,,,,,,,,,,,,
,,,,,,,,,,,,,,,,,,
,,,,,,,,,,,,,,,,,,
,,,,,,,,,,,,,,,,,,
,,,,,,,,,,,,,,,,,,
,,,,,,,,,,,,,,,,,,
,,,,,,,,,,,,,,,,,,
,,,,,,,,,,,,,,,,,,
,,,,,,,,,,,,,,,,,,
,,,,,,,,,,,,,,,,,,
,,,,,,,,,,,,,,,,,,
,,,,,,,,,,,,,,,,,,
,,,,,,,,,,,,,,,,,,
,,,,,,,,,,,,,,,,,,
,,,,,,,,,,,,,,,,,,
,,,,,,,,,,,,,,,,,,
,,,,,,,,,,,,,,,,,,
,,,,,,,,,,,,,,,,,,
,,,,,,,,,,,,,,,,,,
,,,,,,,,,,,,,,,,,,
,,,,,,,,,,,,,,,,,,
,,,,,,,,,,,,,,,,,,
,,,,,,,,,,,,,,,,,,
,,,,,,,,,,,,,,,,,,
,,,,,,,,,,,,,,,,,,
,,,,,,,,,,,,,,,,,,
,,,,,,,,,,,,,,,,,,
,,,,,,,,,,,,,,,,,,
,,,,,,,,,,,,,,,,,,
,,,,,,,,,,,,,,,,,,
,,,,,,,,,,,,,,,,,,
,,,,,,,,,,,,,,,,,,
,,,,,,,,,,,,,,,,,,
,,,,,,,,,,,,,,,,,,
,,,,,,,,,,,,,,,,,,
,,,,,,,,,,,,,,,,,,
,,,,,,,,,,,,,,,,,,
,,,,,,,,,,,,,,,,,,
,,,,,,,,,,,,,,,,,,
,,,,,,,,,,,,,,,,,,
,,,,,,,,,,,,,,,,,,
,,,,,,,,,,,,,,,,,,
,,,,,,,,,,,,,,,,,,
,,,,,,,,,,,,,,,,,,
,,,,,,,,,,,,,,,,,,
,,,,,,,,,,,,,,,,,,
,,,,,,,,,,,,,,,,,,
,,,,,,,,,,,,,,,,,,
,,,,,,,,,,,,,,,,,,
,,,,,,,,,,,,,,,,,,
,,,,,,,,,,,,,,,,,,
,,,,,,,,,,,,,,,,,,
,,,,,,,,,,,,,,,,,,
,,,,,,,,,,,,,,,,,,
,,,,,,,,,,,,,,,,,,
,,,,,,,,,,,,,,,,,,
,,,,,,,,,,,,,,,,,,
,,,,,,,,,,,,,,,,,,
,,,,,,,,,,,,,,,,,,
,,,,,,,,,,,,,,,,,,
,,,,,,,,,,,,,,,,,,
,,,,,,,,,,,,,,,,,,
,,,,,,,,,,,,,,,,,,
,,,,,,,,,,,,,,,,,,
,,,,,,,,,,,,,,,,,,
,,,,,,,,,,,,,,,,,,
,,,,,,,,,,,,,,,,,,
,,,,,,,,,,,,,,,,,,
,,,,,,,,,,,,,,,,,,
,,,,,,,,,,,,,,,,,,
,,,,,,,,,,,,,,,,,,
,,,,,,,,,,,,,,,,,,
,,,,,,,,,,,,,,,,,,
,,,,,,,,,,,,,,,,,,
,,,,,,,,,,,,,,,,,,
,,,,,,,,,,,,,,,,,,
,,,,,,,,,,,,,,,,,,
,,,,,,,,,,,,,,,,,,
,,,,,,,,,,,,,,,,,,
,,,,,,,,,,,,,,,,,,
,,,,,,,,,,,,,,,,,,
,,,,,,,,,,,,,,,,,,
,,,,,,,,,,,,,,,,,,
,,,,,,,,,,,,,,,,,,
,,,,,,,,,,,,,,,,,,
,,,,,,,,,,,,,,,,,,
,,,,,,,,,,,,,,,,,,
,,,,,,,,,,,,,,,,,,
,,,,,,,,,,,,,,,,,,
,,,,,,,,,,,,,,,,,,
,,,,,,,,,,,,,,,,,,
,,,,,,,,,,,,,,,,,,
,,,,,,,,,,,,,,,,,,
,,,,,,,,,,,,,,,,,,
,,,,,,,,,,,,,,,,,,
,,,,,,,,,,,,,,,,,,
,,,,,,,,,,,,,,,,,,
,,,,,,,,,,,,,,,,,,
,,,,,,,,,,,,,,,,,,
,,,,,,,,,,,,,,,,,,
,,,,,,,,,,,,,,,,,,
,,,,,,,,,,,,,,,,,,
,,,,,,,,,,,,,,,,,,
,,,,,,,,,,,,,,,,,,
,,,,,,,,,,,,,,,,,,
,,,,,,,,,,,,,,,,,,
,,,,,,,,,,,,,,,,,,
,,,,,,,,,,,,,,,,,,
,,,,,,,,,,,,,,,,,,
,,,,,,,,,,,,,,,,,,
,,,,,,,,,,,,,,,,,,
,,,,,,,,,,,,,,,,,,
,,,,,,,,,,,,,,,,,,
,,,,,,,,,,,,,,,,,,
,,,,,,,,,,,,,,,,,,
,,,,,,,,,,,,,,,,,,
,,,,,,,,,,,,,,,,,,
,,,,,,,,,,,,,,,,,,
,,,,,,,,,,,,,,,,,,
,,,,,,,,,,,,,,,,,,
,,,,,,,,,,,,,,,,,,
,,,,,,,,,,,,,,,,,,
,,,,,,,,,,,,,,,,,,
,,,,,,,,,,,,,,,,,,
,,,,,,,,,,,,,,,,,,
,,,,,,,,,,,,,,,,,,
,,,,,,,,,,,,,,,,,,
,,,,,,,,,,,,,,,,,,
,,,,,,,,,,,,,,,,,,
,,,,,,,,,,,,,,,,,,
,,,,,,,,,,,,,,,,,,
,,,,,,,,,,,,,,,,,,
,,,,,,,,,,,,,,,,,,
,,,,,,,,,,,,,,,,,,
,,,,,,,,,,,,,,,,,,
,,,,,,,,,,,,,,,,,,
,,,,,,,,,,,,,,,,,,
,,,,,,,,,,,,,,,,,,
,,,,,,,,,,,,,,,,,,
,,,,,,,,,,,,,,,,,,
,,,,,,,,,,,,,,,,,,
,,,,,,,,,,,,,,,,,,
,,,,,,,,,,,,,,,,,,
,,,,,,,,,,,,,,,,,,
,,,,,,,,,,,,,,,,,,
,,,,,,,,,,,,,,,,,,
,,,,,,,,,,,,,,,,,,
,,,,,,,,,,,,,,,,,,
,,,,,,,,,,,,,,,,,,
,,,,,,,,,,,,,,,,,,
,,,,,,,,,,,,,,,,,,
,,,,,,,,,,,,,,,,,,
,,,,,,,,,,,,,,,,,,
,,,,,,,,,,,,,,,,,,
,,,,,,,,,,,,,,,,,,
,,,,,,,,,,,,,,,,,,
,,,,,,,,,,,,,,,,,,
,,,,,,,,,,,,,,,,,,
,,,,,,,,,,,,,,,,,,
,,,,,,,,,,,,,,,,,,
,,,,,,,,,,,,,,,,,,
,,,,,,,,,,,,,,,,,,
,,,,,,,,,,,,,,,,,,
,,,,,,,,,,,,,,,,,,
,,,,,,,,,,,,,,,,,,
,,,,,,,,,,,,,,,,,,
,,,,,,,,,,,,,,,,,,
,,,,,,,,,,,,,,,,,,
,,,,,,,,,,,,,,,,,,
,,,,,,,,,,,,,,,,,,
,,,,,,,,,,,,,,,,,,
,,,,,,,,,,,,,,,,,,
,,,,,,,,,,,,,,,,,,
,,,,,,,,,,,,,,,,,,
,,,,,,,,,,,,,,,,,,
,,,,,,,,,,,,,,,,,,
,,,,,,,,,,,,,,,,,,
,,,,,,,,,,,,,,,,,,
,,,,,,,,,,,,,,,,,,
,,,,,,,,,,,,,,,,,,
,,,,,,,,,,,,,,,,,,
,,,,,,,,,,,,,,,,,,
,,,,,,,,,,,,,,,,,,
,,,,,,,,,,,,,,,,,,
,,,,,,,,,,,,,,,,,,
,,,,,,,,,,,,,,,,,,
,,,,,,,,,,,,,,,,,,
,,,,,,,,,,,,,,,,,,
,,,,,,,,,,,,,,,,,,
,,,,,,,,,,,,,,,,,,
,,,,,,,,,,,,,,,,,,
,,,,,,,,,,,,,,,,,,
,,,,,,,,,,,,,,,,,,
,,,,,,,,,,,,,,,,,,
,,,,,,,,,,,,,,,,,,
,,,,,,,,,,,,,,,,,,
,,,,,,,,,,,,,,,,,,
,,,,,,,,,,,,,,,,,,
,,,,,,,,,,,,,,,,,,
,,,,,,,,,,,,,,,,,,
,,,,,,,,,,,,,,,,,,
,,,,,,,,,,,,,,,,,,
,,,,,,,,,,,,,,,,,,
,,,,,,,,,,,,,,,,,,
,,,,,,,,,,,,,,,,,,
,,,,,,,,,,,,,,,,,,
,,,,,,,,,,,,,,,,,,
,,,,,,,,,,,,,,,,,,
,,,,,,,,,,,,,,,,,,
,,,,,,,,,,,,,,,,,,
,,,,,,,,,,,,,,,,,,
,,,,,,,,,,,,,,,,,,
,,,,,,,,,,,,,,,,,,
,,,,,,,,,,,,,,,,,,
,,,,,,,,,,,,,,,,,,
,,,,,,,,,,,,,,,,,,
,,,,,,,,,,,,,,,,,,
,,,,,,,,,,,,,,,,,,
,,,,,,,,,,,,,,,,,,
,,,,,,,,,,,,,,,,,,
,,,,,,,,,,,,,,,,,,
,,,,,,,,,,,,,,,,,,
,,,,,,,,,,,,,,,,,,
,,,,,,,,,,,,,,,,,,
,,,,,,,,,,,,,,,,,,
,,,,,,,,,,,,,,,,,,
,,,,,,,,,,,,,,,,,,
,,,,,,,,,,,,,,,,,,
,,,,,,,,,,,,,,,,,,
,,,,,,,,,,,,,,,,,,
,,,,,,,,,,,,,,,,,,
,,,,,,,,,,,,,,,,,,
,,,,,,,,,,,,,,,,,,
,,,,,,,,,,,,,,,,,,
,,,,,,,,,,,,,,,,,,
,,,,,,,,,,,,,,,,,,
,,,,,,,,,,,,,,,,,,
,,,,,,,,,,,,,,,,,,
,,,,,,,,,,,,,,,,,,
,,,,,,,,,,,,,,,,,,
,,,,,,,,,,,,,,,,,,
,,,,,,,,,,,,,,,,,,
,,,,,,,,,,,,,,,,,,
,,,,,,,,,,,,,,,,,,
,,,,,,,,,,,,,,,,,,
,,,,,,,,,,,,,,,,,,
,,,,,,,,,,,,,,,,,,
,,,,,,,,,,,,,,,,,,
,,,,,,,,,,,,,,,,,,
,,,,,,,,,,,,,,,,,,
,,,,,,,,,,,,,,,,,,
